USE encanto_personalizados;

INSERT IGNORE INTO categoria_movimentacao (id, descricao, status) VALUES
(1, 'Venda', 1),
(2, 'Compra de Insumos', 1),
(3, 'Despesa Operacional', 1);

INSERT IGNORE INTO categoria_tema (id, ativo, titulo) VALUES
(1, 1, 'Aniversário'),
(2, 1, 'Casamento'),
(3, 1, 'Geek'),
(4, 1, 'Motivacional'),
(5, 1, 'Corporativo'),
(6, 1, 'Dia das Mães'),
(7, 1, 'Dia dos Pais'),
(8, 1, 'Natal'),
(9, 1, 'Acadêmico'),
(10, 1, 'Pet');

INSERT IGNORE INTO cliente (id, nome, telefone, created_at, updated_at) VALUES
(1, 'Mariana Souza', '11987650001', NOW(), NOW()),
(2, 'Rafael Almeida', '11987650002', NOW(), NOW()),
(3, 'Camila Torres', '11987650003', NOW(), NOW()),
(4, 'Felipe Martins', '11987650004', NOW(), NOW()),
(5, 'Juliana Ribeiro', '11987650005', NOW(), NOW()),
(6, 'Thiago Costa', '11987650006', NOW(), NOW()),
(7, 'Larissa Nogueira', '11987650007', NOW(), NOW()),
(8, 'Bruno Carvalho', '11987650008', NOW(), NOW()),
(9, 'Aline Ferreira', '11987650009', NOW(), NOW()),
(10, 'Gustavo Lima', '11987650010', NOW(), NOW()),
(11, 'Patrícia Gomes', '11987650011', NOW(), NOW()),
(12, 'Vinícius Barros', '11987650012', NOW(), NOW()),
(13, 'Beatriz Menezes', '11987650013', NOW(), NOW()),
(14, 'Renato Pires', '11987650014', NOW(), NOW()),
(15, 'Fernanda Oliveira', '11987650015', NOW(), NOW()),
(16, 'Lucas Azevedo', '11987650016', NOW(), NOW()),
(17, 'Natália Freitas', '11987650017', NOW(), NOW()),
(18, 'Eduardo Rocha', '11987650018', NOW(), NOW()),
(19, 'Carolina Duarte', '11987650019', NOW(), NOW()),
(20, 'André Moura', '11987650020', NOW(), NOW()),
(21, 'Paula Siqueira', '11987650021', NOW(), NOW()),
(22, 'Leonardo Cunha', '11987650022', NOW(), NOW()),
(23, 'Vanessa Batista', '11987650023', NOW(), NOW()),
(24, 'Rodrigo Teles', '11987650024', NOW(), NOW()),
(25, 'Isabela Cardoso', '11987650025', NOW(), NOW()),
(26, 'Henrique Farias', '11987650026', NOW(), NOW()),
(27, 'Sabrina Teixeira', '11987650027', NOW(), NOW()),
(28, 'Márcio Vieira', '11987650028', NOW(), NOW()),
(29, 'Tatiane Lopes', '11987650029', NOW(), NOW()),
(30, 'Daniela Campos', '11987650030', NOW(), NOW());

INSERT IGNORE INTO contraparte (id, nome, descricao, segmento, tipo_contrato, status, created_at, updated_at) VALUES
(1, 'Sublimix Insumos', 'Fornecedor de canecas, squeezes e papelaria personalizada', 'Insumos', 'Recorrente', 1, NOW(), NOW()),
(2, 'Mercado Livre', 'Marketplace com comissão por venda', 'Marketplace', 'Comissão', 1, NOW(), NOW()),
(3, 'Shopee', 'Marketplace com comissão por venda', 'Marketplace', 'Comissão', 1, NOW(), NOW()),
(4, 'Meta Ads Brasil', 'Campanhas patrocinadas nas redes sociais', 'Marketing', 'Mensal', 1, NOW(), NOW()),
(5, 'Flash Entregas', 'Operação logística para envios locais e regionais', 'Logística', 'Sob Demanda', 1, NOW(), NOW()),
(6, 'Papel & Arte Cadernos', 'Fornecedor de cadernos, capas e encadernação', 'Insumos', 'Recorrente', 1, NOW(), NOW());

INSERT IGNORE INTO item_produto (id, descricao, material, altura, comprimento, largura, peso, custo_producao, preco_promocional, preco_venda, prazo_producao, ativo, created_at, updated_at) VALUES
(1, 'Caneca Branca 325ml', 'Cerâmica', 9.5, 8.0, 8.0, 0.32, 8.5, 24.9, 29.9, 2, 1, NOW(), NOW()),
(2, 'Caneca Mágica 325ml', 'Cerâmica Termossensível', 9.5, 8.0, 8.0, 0.34, 14.0, 34.9, 44.9, 3, 1, NOW(), NOW()),
(3, 'Camiseta Básica Personalizada', 'Algodão', 70.0, 50.0, 1.0, 0.2, 22.0, 44.9, 59.9, 3, 1, NOW(), NOW()),
(4, 'Camiseta Premium Personalizada', 'Algodão Penteado', 72.0, 52.0, 1.0, 0.24, 28.0, 54.9, 69.9, 4, 1, NOW(), NOW()),
(5, 'Caderno A5 Personalizado', 'Papel/Cartão', 21.0, 15.0, 2.0, 0.45, 11.5, 29.9, 39.9, 2, 1, NOW(), NOW()),
(6, 'Caderno Universitário Personalizado', 'Papel/Cartão', 27.5, 20.0, 3.0, 0.75, 18.0, 39.9, 54.9, 3, 1, NOW(), NOW()),
(7, 'Squeeze Personalizada 500ml', 'Alumínio', 22.0, 7.0, 7.0, 0.18, 13.0, 29.9, 39.9, 2, 1, NOW(), NOW()),
(8, 'Mousepad Personalizado', 'Neoprene', 0.3, 24.0, 20.0, 0.15, 7.0, 19.9, 27.9, 2, 1, NOW(), NOW()),
(9, 'Almofada Personalizada', 'Poliéster', 10.0, 40.0, 40.0, 0.5, 16.0, 34.9, 49.9, 3, 1, NOW(), NOW()),
(10, 'Ecobag Personalizada', 'Algodão Cru', 35.0, 30.0, 5.0, 0.12, 9.5, 24.9, 34.9, 2, 1, NOW(), NOW());

INSERT IGNORE INTO status_pedido (id, status, cor, ordem_kanban, ativo, created_at, updated_at) VALUES
(1, 'A Fazer', '#FFE5D9', 1, 1, NOW(), NOW()),
(2, 'Em Produção', '#F4ACB7', 2, 1, NOW(), NOW()),
(3, 'A Caminho', '#EAD2AC', 3, 1, NOW(), NOW()),
(4, 'Finalizado', '#D8E2DC', 4, 1, NOW(), NOW());

INSERT IGNORE INTO usuario (id, name, email, password, cpf, cargo, status, created_at, updated_at) VALUES
(1, 'Helena Prado', 'helena@encantopersonalizados.com.br', '123456', '11111111111', 'administrador', 1, NOW(), NOW()),
(2, 'Marina Sales', 'marina@encantopersonalizados.com.br', '123456', '22222222222', 'social media', 1, NOW(), NOW()),
(3, 'Bianca Freire', 'bianca@encantopersonalizados.com.br', '123456', '33333333333', 'social media', 1, NOW(), NOW()),
(4, 'Caio Mendes', 'caio@encantopersonalizados.com.br', '123456', '44444444444', 'manufatura', 1, NOW(), NOW()),
(5, 'Lucas Ribeiro', 'lucas@encantopersonalizados.com.br', '123456', '55555555555', 'manufatura', 1, NOW(), NOW()),
(6, 'Fernanda Costa', 'fernanda@encantopersonalizados.com.br', '123456', '66666666666', 'manufatura', 1, NOW(), NOW());

INSERT IGNORE INTO endereco_cliente (id, cep, logradouro, num_logradouro, complemento, bairro, cidade, municipio, estado, uf, ativo, created_at, updated_at, cliente_id) VALUES
(1, '01310-100', 'Avenida Paulista', '103', NULL, 'Bela Vista', 'São Paulo', 'São Paulo', 'São Paulo', 'SP', 1, NOW(), NOW(), 1),
(2, '05407-002', 'Rua dos Pinheiros', '106', NULL, 'Pinheiros', 'São Paulo', 'São Paulo', 'São Paulo', 'SP', 1, NOW(), NOW(), 2),
(3, '04538-132', 'Avenida Brigadeiro Faria Lima', '109', NULL, 'Itaim Bibi', 'São Paulo', 'São Paulo', 'São Paulo', 'SP', 1, NOW(), NOW(), 3),
(4, '04101-300', 'Rua Vergueiro', '112', 'Apto 5', 'Vila Mariana', 'São Paulo', 'São Paulo', 'São Paulo', 'SP', 1, NOW(), NOW(), 4),
(5, '05010-000', 'Rua Clélia', '115', NULL, 'Lapa', 'São Paulo', 'São Paulo', 'São Paulo', 'SP', 1, NOW(), NOW(), 5),
(6, '03310-000', 'Rua Serra de Japi', '118', NULL, 'Tatuapé', 'São Paulo', 'São Paulo', 'São Paulo', 'SP', 1, NOW(), NOW(), 6),
(7, '03164-000', 'Rua da Mooca', '121', NULL, 'Mooca', 'São Paulo', 'São Paulo', 'São Paulo', 'SP', 1, NOW(), NOW(), 7),
(8, '04094-050', 'Avenida Jabaquara', '124', 'Apto 9', 'Saúde', 'São Paulo', 'São Paulo', 'São Paulo', 'SP', 1, NOW(), NOW(), 8),
(9, '04707-000', 'Rua Barão do Triunfo', '127', NULL, 'Brooklin', 'São Paulo', 'São Paulo', 'São Paulo', 'SP', 1, NOW(), NOW(), 9),
(10, '02310-000', 'Avenida Nova Cantareira', '130', NULL, 'Tucuruvi', 'São Paulo', 'São Paulo', 'São Paulo', 'SP', 1, NOW(), NOW(), 10),
(11, '01310-100', 'Avenida Paulista', '133', NULL, 'Bela Vista', 'São Paulo', 'São Paulo', 'São Paulo', 'SP', 1, NOW(), NOW(), 11),
(12, '05407-002', 'Rua dos Pinheiros', '136', 'Apto 1', 'Pinheiros', 'São Paulo', 'São Paulo', 'São Paulo', 'SP', 1, NOW(), NOW(), 12),
(13, '04538-132', 'Avenida Brigadeiro Faria Lima', '139', NULL, 'Itaim Bibi', 'São Paulo', 'São Paulo', 'São Paulo', 'SP', 1, NOW(), NOW(), 13),
(14, '04101-300', 'Rua Vergueiro', '142', NULL, 'Vila Mariana', 'São Paulo', 'São Paulo', 'São Paulo', 'SP', 1, NOW(), NOW(), 14),
(15, '05010-000', 'Rua Clélia', '145', NULL, 'Lapa', 'São Paulo', 'São Paulo', 'São Paulo', 'SP', 1, NOW(), NOW(), 15),
(16, '03310-000', 'Rua Serra de Japi', '148', 'Apto 5', 'Tatuapé', 'São Paulo', 'São Paulo', 'São Paulo', 'SP', 1, NOW(), NOW(), 16),
(17, '03164-000', 'Rua da Mooca', '151', NULL, 'Mooca', 'São Paulo', 'São Paulo', 'São Paulo', 'SP', 1, NOW(), NOW(), 17),
(18, '04094-050', 'Avenida Jabaquara', '154', NULL, 'Saúde', 'São Paulo', 'São Paulo', 'São Paulo', 'SP', 1, NOW(), NOW(), 18),
(19, '04707-000', 'Rua Barão do Triunfo', '157', NULL, 'Brooklin', 'São Paulo', 'São Paulo', 'São Paulo', 'SP', 1, NOW(), NOW(), 19),
(20, '02310-000', 'Avenida Nova Cantareira', '160', 'Apto 9', 'Tucuruvi', 'São Paulo', 'São Paulo', 'São Paulo', 'SP', 1, NOW(), NOW(), 20),
(21, '01310-100', 'Avenida Paulista', '163', NULL, 'Bela Vista', 'São Paulo', 'São Paulo', 'São Paulo', 'SP', 1, NOW(), NOW(), 21),
(22, '05407-002', 'Rua dos Pinheiros', '166', NULL, 'Pinheiros', 'São Paulo', 'São Paulo', 'São Paulo', 'SP', 1, NOW(), NOW(), 22),
(23, '04538-132', 'Avenida Brigadeiro Faria Lima', '169', NULL, 'Itaim Bibi', 'São Paulo', 'São Paulo', 'São Paulo', 'SP', 1, NOW(), NOW(), 23),
(24, '04101-300', 'Rua Vergueiro', '172', 'Apto 1', 'Vila Mariana', 'São Paulo', 'São Paulo', 'São Paulo', 'SP', 1, NOW(), NOW(), 24),
(25, '05010-000', 'Rua Clélia', '175', NULL, 'Lapa', 'São Paulo', 'São Paulo', 'São Paulo', 'SP', 1, NOW(), NOW(), 25),
(26, '03310-000', 'Rua Serra de Japi', '178', NULL, 'Tatuapé', 'São Paulo', 'São Paulo', 'São Paulo', 'SP', 1, NOW(), NOW(), 26),
(27, '03164-000', 'Rua da Mooca', '181', NULL, 'Mooca', 'São Paulo', 'São Paulo', 'São Paulo', 'SP', 1, NOW(), NOW(), 27),
(28, '04094-050', 'Avenida Jabaquara', '184', 'Apto 5', 'Saúde', 'São Paulo', 'São Paulo', 'São Paulo', 'SP', 1, NOW(), NOW(), 28),
(29, '04707-000', 'Rua Barão do Triunfo', '187', NULL, 'Brooklin', 'São Paulo', 'São Paulo', 'São Paulo', 'SP', 1, NOW(), NOW(), 29),
(30, '02310-000', 'Avenida Nova Cantareira', '190', NULL, 'Tucuruvi', 'São Paulo', 'São Paulo', 'São Paulo', 'SP', 1, NOW(), NOW(), 30);

INSERT IGNORE INTO tema_produto (id, descricao, ativo, created_at, updated_at, categoria_tema_id) VALUES
(1, 'Coleção Festa Colorida', 1, NOW(), NOW(), 1),
(2, 'Linha Casamento Minimalista', 1, NOW(), NOW(), 2),
(3, 'Galáxia Geek', 1, NOW(), NOW(), 3),
(4, 'Frases que Inspiram', 1, NOW(), NOW(), 4),
(5, 'Linha Marca Própria', 1, NOW(), NOW(), 5),
(6, 'Mãe, Meu Maior Amor', 1, NOW(), NOW(), 6),
(7, 'Pai, Meu Herói', 1, NOW(), NOW(), 7),
(8, 'Natal Afetivo', 1, NOW(), NOW(), 8),
(9, 'Vida Acadêmica', 1, NOW(), NOW(), 9),
(10, 'Pet em Casa', 1, NOW(), NOW(), 10);

INSERT IGNORE INTO produto (id, titulo, descricao, ativo, created_at, updated_at, item_produto_id, tema_produto_id) VALUES
(1, 'Caneca Festa Colorida', 'Caneca com nome e idade personalizada', 1, NOW(), NOW(), 1, 1),
(2, 'Caneca Casamento Minimalista', 'Caneca de casal com iniciais', 1, NOW(), NOW(), 1, 2),
(3, 'Caneca Galáxia Gamer', 'Caneca temática geek com arte espacial', 1, NOW(), NOW(), 1, 3),
(4, 'Caneca Frase do Dia', 'Caneca com mensagem motivacional', 1, NOW(), NOW(), 1, 4),
(5, 'Caneca Identidade Visual', 'Caneca corporativa com logo da empresa', 1, NOW(), NOW(), 1, 5),
(6, 'Caneca Melhor Mãe', 'Caneca afetiva para Dia das Mães', 1, NOW(), NOW(), 1, 6),
(7, 'Caneca Melhor Pai', 'Caneca afetiva para Dia dos Pais', 1, NOW(), NOW(), 1, 7),
(8, 'Caneca Natal Ilustrado', 'Caneca temática de Natal', 1, NOW(), NOW(), 1, 8),
(9, 'Caneca Professora Nota 10', 'Caneca para professores e formandos', 1, NOW(), NOW(), 1, 9),
(10, 'Caneca Meu Pet Favorito', 'Caneca com nome e ilustração do pet', 1, NOW(), NOW(), 1, 10),
(11, 'Caneca Mágica Geek', 'Caneca mágica com revelação de estampa', 1, NOW(), NOW(), 2, 3),
(12, 'Camiseta Gamer Edition', 'Camiseta básica com estampa geek', 1, NOW(), NOW(), 3, 3),
(13, 'Camiseta Frase Positiva', 'Camiseta com mensagem motivacional', 1, NOW(), NOW(), 3, 4),
(14, 'Camiseta Premium Corporativa', 'Camiseta premium para ações promocionais', 1, NOW(), NOW(), 4, 5),
(15, 'Caderno A5 Inspirador', 'Caderno com frase e capa personalizada', 1, NOW(), NOW(), 5, 4),
(16, 'Caderno Universitário Acadêmico', 'Caderno universitário com nome do aluno', 1, NOW(), NOW(), 6, 9),
(17, 'Squeeze Empresa em Movimento', 'Squeeze com identidade visual da marca', 1, NOW(), NOW(), 7, 5),
(18, 'Mousepad Mundo Nerd', 'Mousepad com arte geek', 1, NOW(), NOW(), 8, 3),
(19, 'Almofada Pet Lovers', 'Almofada com tema pet', 1, NOW(), NOW(), 9, 10),
(20, 'Ecobag Evento Criativo', 'Ecobag para brindes e eventos', 1, NOW(), NOW(), 10, 5);

INSERT IGNORE INTO pedido (id, origem, observacoes, preco_total, peso_total, data_limite, ativo, created_at, updated_at, cliente_id, usuario_id) VALUES
(1, 'Site', 'Cliente pediu ajuste de nome na arte', 29.9, 0.32, DATE_ADD(DATE_SUB(NOW(), INTERVAL 119 DAY), INTERVAL 3 DAY), 1, DATE_SUB(NOW(), INTERVAL 119 DAY), DATE_SUB(NOW(), INTERVAL 119 DAY), 1, 2),
(2, 'Instagram', 'Entrega para aniversário no fim de semana', 39.9, 0.18, DATE_ADD(DATE_SUB(NOW(), INTERVAL 118 DAY), INTERVAL 4 DAY), 1, DATE_SUB(NOW(), INTERVAL 118 DAY), DATE_SUB(NOW(), INTERVAL 118 DAY), 2, 2),
(3, 'WhatsApp', 'Personalização com frase enviada por WhatsApp', 84.8, 1.07, DATE_ADD(DATE_SUB(NOW(), INTERVAL 117 DAY), INTERVAL 5 DAY), 1, DATE_SUB(NOW(), INTERVAL 117 DAY), DATE_SUB(NOW(), INTERVAL 117 DAY), 3, 4),
(4, 'Shopee', 'Pedido com identidade visual da empresa', 59.8, 0.64, DATE_ADD(DATE_SUB(NOW(), INTERVAL 116 DAY), INTERVAL 6 DAY), 1, DATE_SUB(NOW(), INTERVAL 116 DAY), DATE_SUB(NOW(), INTERVAL 116 DAY), 4, 2),
(5, 'Mercado Livre', 'Arte aprovada sem alterações', 129.7, 0.88, DATE_ADD(DATE_SUB(NOW(), INTERVAL 115 DAY), INTERVAL 2 DAY), 1, DATE_SUB(NOW(), INTERVAL 115 DAY), DATE_SUB(NOW(), INTERVAL 115 DAY), 5, 2),
(6, 'Site', 'Cliente solicitou embalagem para presente', 34.9, 0.12, DATE_ADD(DATE_SUB(NOW(), INTERVAL 114 DAY), INTERVAL 3 DAY), 1, DATE_SUB(NOW(), INTERVAL 114 DAY), DATE_SUB(NOW(), INTERVAL 114 DAY), 6, 4),
(7, 'Instagram', 'Pedido para lembrança de evento corporativo', 29.9, 0.32, DATE_ADD(DATE_SUB(NOW(), INTERVAL 113 DAY), INTERVAL 4 DAY), 1, DATE_SUB(NOW(), INTERVAL 113 DAY), DATE_SUB(NOW(), INTERVAL 113 DAY), 7, 2),
(8, 'WhatsApp', 'Cliente pediu urgência na produção', 189.6, 0.64, DATE_ADD(DATE_SUB(NOW(), INTERVAL 112 DAY), INTERVAL 5 DAY), 1, DATE_SUB(NOW(), INTERVAL 112 DAY), DATE_SUB(NOW(), INTERVAL 112 DAY), 8, 2),
(9, 'Shopee', 'Pedido com tema pet e nome personalizado', 74.8, 0.57, DATE_ADD(DATE_SUB(NOW(), INTERVAL 111 DAY), INTERVAL 6 DAY), 1, DATE_SUB(NOW(), INTERVAL 111 DAY), DATE_SUB(NOW(), INTERVAL 111 DAY), 9, 4),
(10, 'Mercado Livre', 'Produto destinado a presente de formatura', 125.6, 0.8, DATE_ADD(DATE_SUB(NOW(), INTERVAL 110 DAY), INTERVAL 2 DAY), 1, DATE_SUB(NOW(), INTERVAL 110 DAY), DATE_SUB(NOW(), INTERVAL 110 DAY), 10, 2),
(11, 'Site', 'Cliente pediu ajuste de nome na arte', 29.9, 0.32, DATE_ADD(DATE_SUB(NOW(), INTERVAL 109 DAY), INTERVAL 3 DAY), 1, DATE_SUB(NOW(), INTERVAL 109 DAY), DATE_SUB(NOW(), INTERVAL 109 DAY), 11, 2),
(12, 'Instagram', 'Entrega para aniversário no fim de semana', 29.9, 0.32, DATE_ADD(DATE_SUB(NOW(), INTERVAL 108 DAY), INTERVAL 4 DAY), 1, DATE_SUB(NOW(), INTERVAL 108 DAY), DATE_SUB(NOW(), INTERVAL 108 DAY), 12, 4),
(13, 'WhatsApp', 'Personalização com frase enviada por WhatsApp', 57.8, 0.47, DATE_ADD(DATE_SUB(NOW(), INTERVAL 107 DAY), INTERVAL 5 DAY), 1, DATE_SUB(NOW(), INTERVAL 107 DAY), DATE_SUB(NOW(), INTERVAL 107 DAY), 13, 2),
(14, 'Shopee', 'Pedido com identidade visual da empresa', 74.8, 0.66, DATE_ADD(DATE_SUB(NOW(), INTERVAL 106 DAY), INTERVAL 6 DAY), 1, DATE_SUB(NOW(), INTERVAL 106 DAY), DATE_SUB(NOW(), INTERVAL 106 DAY), 14, 2),
(15, 'Mercado Livre', 'Arte aprovada sem alterações', 159.6, 1.2, DATE_ADD(DATE_SUB(NOW(), INTERVAL 105 DAY), INTERVAL 2 DAY), 1, DATE_SUB(NOW(), INTERVAL 105 DAY), DATE_SUB(NOW(), INTERVAL 105 DAY), 15, 4),
(16, 'Site', 'Cliente solicitou embalagem para presente', 39.9, 0.45, DATE_ADD(DATE_SUB(NOW(), INTERVAL 104 DAY), INTERVAL 3 DAY), 1, DATE_SUB(NOW(), INTERVAL 104 DAY), DATE_SUB(NOW(), INTERVAL 104 DAY), 16, 2),
(17, 'Instagram', 'Pedido para lembrança de evento corporativo', 29.9, 0.32, DATE_ADD(DATE_SUB(NOW(), INTERVAL 103 DAY), INTERVAL 4 DAY), 1, DATE_SUB(NOW(), INTERVAL 103 DAY), DATE_SUB(NOW(), INTERVAL 103 DAY), 17, 2),
(18, 'WhatsApp', 'Cliente pediu urgência na produção', 109.7, 0.68, DATE_ADD(DATE_SUB(NOW(), INTERVAL 102 DAY), INTERVAL 5 DAY), 1, DATE_SUB(NOW(), INTERVAL 102 DAY), DATE_SUB(NOW(), INTERVAL 102 DAY), 18, 4),
(19, 'Shopee', 'Pedido com tema pet e nome personalizado', 69.8, 0.5, DATE_ADD(DATE_SUB(NOW(), INTERVAL 101 DAY), INTERVAL 6 DAY), 1, DATE_SUB(NOW(), INTERVAL 101 DAY), DATE_SUB(NOW(), INTERVAL 101 DAY), 19, 2),
(20, 'Mercado Livre', 'Produto destinado a presente de formatura', 99.7, 0.82, DATE_ADD(DATE_SUB(NOW(), INTERVAL 100 DAY), INTERVAL 2 DAY), 1, DATE_SUB(NOW(), INTERVAL 100 DAY), DATE_SUB(NOW(), INTERVAL 100 DAY), 20, 2),
(21, 'Site', 'Cliente pediu ajuste de nome na arte', 34.9, 0.12, DATE_ADD(DATE_SUB(NOW(), INTERVAL 99 DAY), INTERVAL 3 DAY), 1, DATE_SUB(NOW(), INTERVAL 99 DAY), DATE_SUB(NOW(), INTERVAL 99 DAY), 21, 4),
(22, 'Instagram', 'Entrega para aniversário no fim de semana', 29.9, 0.32, DATE_ADD(DATE_SUB(NOW(), INTERVAL 98 DAY), INTERVAL 4 DAY), 1, DATE_SUB(NOW(), INTERVAL 98 DAY), DATE_SUB(NOW(), INTERVAL 98 DAY), 22, 2),
(23, 'WhatsApp', 'Personalização com frase enviada por WhatsApp', 179.6, 1.04, DATE_ADD(DATE_SUB(NOW(), INTERVAL 97 DAY), INTERVAL 5 DAY), 1, DATE_SUB(NOW(), INTERVAL 97 DAY), DATE_SUB(NOW(), INTERVAL 97 DAY), 23, 2),
(24, 'Shopee', 'Pedido com identidade visual da empresa', 85.7, 0.62, DATE_ADD(DATE_SUB(NOW(), INTERVAL 96 DAY), INTERVAL 6 DAY), 1, DATE_SUB(NOW(), INTERVAL 96 DAY), DATE_SUB(NOW(), INTERVAL 96 DAY), 24, 4),
(25, 'Mercado Livre', 'Arte aprovada sem alterações', 154.6, 1.02, DATE_ADD(DATE_SUB(NOW(), INTERVAL 95 DAY), INTERVAL 2 DAY), 1, DATE_SUB(NOW(), INTERVAL 95 DAY), DATE_SUB(NOW(), INTERVAL 95 DAY), 25, 2),
(26, 'Site', 'Cliente solicitou embalagem para presente', 109.8, 1.5, DATE_ADD(DATE_SUB(NOW(), INTERVAL 94 DAY), INTERVAL 3 DAY), 1, DATE_SUB(NOW(), INTERVAL 94 DAY), DATE_SUB(NOW(), INTERVAL 94 DAY), 26, 2),
(27, 'Instagram', 'Pedido para lembrança de evento corporativo', 59.8, 0.64, DATE_ADD(DATE_SUB(NOW(), INTERVAL 93 DAY), INTERVAL 4 DAY), 1, DATE_SUB(NOW(), INTERVAL 93 DAY), DATE_SUB(NOW(), INTERVAL 93 DAY), 27, 4),
(28, 'WhatsApp', 'Cliente pediu urgência na produção', 89.8, 0.52, DATE_ADD(DATE_SUB(NOW(), INTERVAL 92 DAY), INTERVAL 5 DAY), 1, DATE_SUB(NOW(), INTERVAL 92 DAY), DATE_SUB(NOW(), INTERVAL 92 DAY), 28, 2),
(29, 'Shopee', 'Pedido com tema pet e nome personalizado', 59.8, 0.64, DATE_ADD(DATE_SUB(NOW(), INTERVAL 91 DAY), INTERVAL 6 DAY), 1, DATE_SUB(NOW(), INTERVAL 91 DAY), DATE_SUB(NOW(), INTERVAL 91 DAY), 29, 2),
(30, 'Mercado Livre', 'Produto destinado a presente de formatura', 89.7, 0.96, DATE_ADD(DATE_SUB(NOW(), INTERVAL 90 DAY), INTERVAL 2 DAY), 1, DATE_SUB(NOW(), INTERVAL 90 DAY), DATE_SUB(NOW(), INTERVAL 90 DAY), 30, 4),
(31, 'Site', 'Cliente pediu ajuste de nome na arte', 59.8, 0.64, DATE_ADD(DATE_SUB(NOW(), INTERVAL 89 DAY), INTERVAL 3 DAY), 1, DATE_SUB(NOW(), INTERVAL 89 DAY), DATE_SUB(NOW(), INTERVAL 89 DAY), 1, 2),
(32, 'Instagram', 'Entrega para aniversário no fim de semana', 54.9, 0.75, DATE_ADD(DATE_SUB(NOW(), INTERVAL 88 DAY), INTERVAL 4 DAY), 1, DATE_SUB(NOW(), INTERVAL 88 DAY), DATE_SUB(NOW(), INTERVAL 88 DAY), 2, 2),
(33, 'WhatsApp', 'Personalização com frase enviada por WhatsApp', 85.7, 0.62, DATE_ADD(DATE_SUB(NOW(), INTERVAL 87 DAY), INTERVAL 5 DAY), 1, DATE_SUB(NOW(), INTERVAL 87 DAY), DATE_SUB(NOW(), INTERVAL 87 DAY), 3, 4),
(34, 'Shopee', 'Pedido com identidade visual da empresa', 64.8, 0.44, DATE_ADD(DATE_SUB(NOW(), INTERVAL 86 DAY), INTERVAL 6 DAY), 1, DATE_SUB(NOW(), INTERVAL 86 DAY), DATE_SUB(NOW(), INTERVAL 86 DAY), 4, 2),
(35, 'Mercado Livre', 'Arte aprovada sem alterações', 167.6, 1.97, DATE_ADD(DATE_SUB(NOW(), INTERVAL 85 DAY), INTERVAL 2 DAY), 1, DATE_SUB(NOW(), INTERVAL 85 DAY), DATE_SUB(NOW(), INTERVAL 85 DAY), 5, 2),
(36, 'Site', 'Cliente solicitou embalagem para presente', 29.9, 0.32, DATE_ADD(DATE_SUB(NOW(), INTERVAL 84 DAY), INTERVAL 3 DAY), 1, DATE_SUB(NOW(), INTERVAL 84 DAY), DATE_SUB(NOW(), INTERVAL 84 DAY), 6, 4),
(37, 'Instagram', 'Pedido para lembrança de evento corporativo', 39.9, 0.18, DATE_ADD(DATE_SUB(NOW(), INTERVAL 83 DAY), INTERVAL 4 DAY), 1, DATE_SUB(NOW(), INTERVAL 83 DAY), DATE_SUB(NOW(), INTERVAL 83 DAY), 7, 2),
(38, 'WhatsApp', 'Cliente pediu urgência na produção', 104.8, 0.36, DATE_ADD(DATE_SUB(NOW(), INTERVAL 82 DAY), INTERVAL 5 DAY), 1, DATE_SUB(NOW(), INTERVAL 82 DAY), DATE_SUB(NOW(), INTERVAL 82 DAY), 8, 2),
(39, 'Shopee', 'Pedido com tema pet e nome personalizado', 57.8, 0.47, DATE_ADD(DATE_SUB(NOW(), INTERVAL 81 DAY), INTERVAL 6 DAY), 1, DATE_SUB(NOW(), INTERVAL 81 DAY), DATE_SUB(NOW(), INTERVAL 81 DAY), 9, 4),
(40, 'Mercado Livre', 'Produto destinado a presente de formatura', 119.7, 0.84, DATE_ADD(DATE_SUB(NOW(), INTERVAL 80 DAY), INTERVAL 2 DAY), 1, DATE_SUB(NOW(), INTERVAL 80 DAY), DATE_SUB(NOW(), INTERVAL 80 DAY), 10, 2),
(41, 'Site', 'Cliente pediu ajuste de nome na arte', 59.9, 0.2, DATE_ADD(DATE_SUB(NOW(), INTERVAL 79 DAY), INTERVAL 3 DAY), 1, DATE_SUB(NOW(), INTERVAL 79 DAY), DATE_SUB(NOW(), INTERVAL 79 DAY), 11, 2),
(42, 'Instagram', 'Entrega para aniversário no fim de semana', 39.9, 0.45, DATE_ADD(DATE_SUB(NOW(), INTERVAL 78 DAY), INTERVAL 4 DAY), 1, DATE_SUB(NOW(), INTERVAL 78 DAY), DATE_SUB(NOW(), INTERVAL 78 DAY), 12, 4),
(43, 'WhatsApp', 'Personalização com frase enviada por WhatsApp', 79.8, 0.63, DATE_ADD(DATE_SUB(NOW(), INTERVAL 77 DAY), INTERVAL 5 DAY), 1, DATE_SUB(NOW(), INTERVAL 77 DAY), DATE_SUB(NOW(), INTERVAL 77 DAY), 13, 2),
(44, 'Shopee', 'Pedido com identidade visual da empresa', 59.8, 0.64, DATE_ADD(DATE_SUB(NOW(), INTERVAL 76 DAY), INTERVAL 6 DAY), 1, DATE_SUB(NOW(), INTERVAL 76 DAY), DATE_SUB(NOW(), INTERVAL 76 DAY), 14, 2),
(45, 'Mercado Livre', 'Arte aprovada sem alterações', 149.6, 1.32, DATE_ADD(DATE_SUB(NOW(), INTERVAL 75 DAY), INTERVAL 2 DAY), 1, DATE_SUB(NOW(), INTERVAL 75 DAY), DATE_SUB(NOW(), INTERVAL 75 DAY), 15, 4),
(46, 'Site', 'Cliente solicitou embalagem para presente', 29.9, 0.32, DATE_ADD(DATE_SUB(NOW(), INTERVAL 74 DAY), INTERVAL 3 DAY), 1, DATE_SUB(NOW(), INTERVAL 74 DAY), DATE_SUB(NOW(), INTERVAL 74 DAY), 16, 2),
(47, 'Instagram', 'Pedido para lembrança de evento corporativo', 49.9, 0.5, DATE_ADD(DATE_SUB(NOW(), INTERVAL 73 DAY), INTERVAL 4 DAY), 1, DATE_SUB(NOW(), INTERVAL 73 DAY), DATE_SUB(NOW(), INTERVAL 73 DAY), 17, 2),
(48, 'WhatsApp', 'Cliente pediu urgência na produção', 87.7, 0.79, DATE_ADD(DATE_SUB(NOW(), INTERVAL 72 DAY), INTERVAL 5 DAY), 1, DATE_SUB(NOW(), INTERVAL 72 DAY), DATE_SUB(NOW(), INTERVAL 72 DAY), 18, 4),
(49, 'Shopee', 'Pedido com tema pet e nome personalizado', 129.7, 1.32, DATE_ADD(DATE_SUB(NOW(), INTERVAL 71 DAY), INTERVAL 6 DAY), 1, DATE_SUB(NOW(), INTERVAL 71 DAY), DATE_SUB(NOW(), INTERVAL 71 DAY), 19, 2),
(50, 'Mercado Livre', 'Produto destinado a presente de formatura', 119.6, 1.28, DATE_ADD(DATE_SUB(NOW(), INTERVAL 70 DAY), INTERVAL 2 DAY), 1, DATE_SUB(NOW(), INTERVAL 70 DAY), DATE_SUB(NOW(), INTERVAL 70 DAY), 20, 2),
(51, 'Site', 'Cliente pediu ajuste de nome na arte', 29.9, 0.32, DATE_ADD(DATE_SUB(NOW(), INTERVAL 69 DAY), INTERVAL 3 DAY), 1, DATE_SUB(NOW(), INTERVAL 69 DAY), DATE_SUB(NOW(), INTERVAL 69 DAY), 21, 4),
(52, 'Instagram', 'Entrega para aniversário no fim de semana', 29.9, 0.32, DATE_ADD(DATE_SUB(NOW(), INTERVAL 68 DAY), INTERVAL 4 DAY), 1, DATE_SUB(NOW(), INTERVAL 68 DAY), DATE_SUB(NOW(), INTERVAL 68 DAY), 22, 2),
(53, 'WhatsApp', 'Personalização com frase enviada por WhatsApp', 74.8, 0.66, DATE_ADD(DATE_SUB(NOW(), INTERVAL 67 DAY), INTERVAL 5 DAY), 1, DATE_SUB(NOW(), INTERVAL 67 DAY), DATE_SUB(NOW(), INTERVAL 67 DAY), 23, 2),
(54, 'Shopee', 'Pedido com identidade visual da empresa', 69.8, 0.5, DATE_ADD(DATE_SUB(NOW(), INTERVAL 66 DAY), INTERVAL 6 DAY), 1, DATE_SUB(NOW(), INTERVAL 66 DAY), DATE_SUB(NOW(), INTERVAL 66 DAY), 24, 4),
(55, 'Mercado Livre', 'Arte aprovada sem alterações', 144.6, 1.71, DATE_ADD(DATE_SUB(NOW(), INTERVAL 65 DAY), INTERVAL 2 DAY), 1, DATE_SUB(NOW(), INTERVAL 65 DAY), DATE_SUB(NOW(), INTERVAL 65 DAY), 25, 2),
(56, 'Site', 'Cliente solicitou embalagem para presente', 59.8, 0.64, DATE_ADD(DATE_SUB(NOW(), INTERVAL 64 DAY), INTERVAL 3 DAY), 1, DATE_SUB(NOW(), INTERVAL 64 DAY), DATE_SUB(NOW(), INTERVAL 64 DAY), 26, 2),
(57, 'Instagram', 'Pedido para lembrança de evento corporativo', 27.9, 0.15, DATE_ADD(DATE_SUB(NOW(), INTERVAL 63 DAY), INTERVAL 4 DAY), 1, DATE_SUB(NOW(), INTERVAL 63 DAY), DATE_SUB(NOW(), INTERVAL 63 DAY), 27, 4),
(58, 'WhatsApp', 'Cliente pediu urgência na produção', 159.6, 1.64, DATE_ADD(DATE_SUB(NOW(), INTERVAL 62 DAY), INTERVAL 5 DAY), 1, DATE_SUB(NOW(), INTERVAL 62 DAY), DATE_SUB(NOW(), INTERVAL 62 DAY), 28, 2),
(59, 'Shopee', 'Pedido com tema pet e nome personalizado', 104.8, 1.25, DATE_ADD(DATE_SUB(NOW(), INTERVAL 61 DAY), INTERVAL 6 DAY), 1, DATE_SUB(NOW(), INTERVAL 61 DAY), DATE_SUB(NOW(), INTERVAL 61 DAY), 29, 2),
(60, 'Mercado Livre', 'Produto destinado a presente de formatura', 184.6, 1.63, DATE_ADD(DATE_SUB(NOW(), INTERVAL 60 DAY), INTERVAL 2 DAY), 1, DATE_SUB(NOW(), INTERVAL 60 DAY), DATE_SUB(NOW(), INTERVAL 60 DAY), 30, 4),
(61, 'Site', 'Cliente pediu ajuste de nome na arte', 59.8, 0.64, DATE_ADD(DATE_SUB(NOW(), INTERVAL 59 DAY), INTERVAL 3 DAY), 1, DATE_SUB(NOW(), INTERVAL 59 DAY), DATE_SUB(NOW(), INTERVAL 59 DAY), 1, 2),
(62, 'Instagram', 'Entrega para aniversário no fim de semana', 29.9, 0.32, DATE_ADD(DATE_SUB(NOW(), INTERVAL 58 DAY), INTERVAL 4 DAY), 1, DATE_SUB(NOW(), INTERVAL 58 DAY), DATE_SUB(NOW(), INTERVAL 58 DAY), 2, 2),
(63, 'WhatsApp', 'Personalização com frase enviada por WhatsApp', 169.7, 0.8, DATE_ADD(DATE_SUB(NOW(), INTERVAL 57 DAY), INTERVAL 5 DAY), 1, DATE_SUB(NOW(), INTERVAL 57 DAY), DATE_SUB(NOW(), INTERVAL 57 DAY), 3, 4),
(64, 'Shopee', 'Pedido com identidade visual da empresa', 129.8, 0.44, DATE_ADD(DATE_SUB(NOW(), INTERVAL 56 DAY), INTERVAL 6 DAY), 1, DATE_SUB(NOW(), INTERVAL 56 DAY), DATE_SUB(NOW(), INTERVAL 56 DAY), 4, 2),
(65, 'Mercado Livre', 'Arte aprovada sem alterações', 139.7, 1.01, DATE_ADD(DATE_SUB(NOW(), INTERVAL 55 DAY), INTERVAL 2 DAY), 1, DATE_SUB(NOW(), INTERVAL 55 DAY), DATE_SUB(NOW(), INTERVAL 55 DAY), 5, 2),
(66, 'Site', 'Cliente solicitou embalagem para presente', 59.8, 0.64, DATE_ADD(DATE_SUB(NOW(), INTERVAL 54 DAY), INTERVAL 3 DAY), 1, DATE_SUB(NOW(), INTERVAL 54 DAY), DATE_SUB(NOW(), INTERVAL 54 DAY), 6, 4),
(67, 'Instagram', 'Pedido para lembrança de evento corporativo', 29.9, 0.32, DATE_ADD(DATE_SUB(NOW(), INTERVAL 53 DAY), INTERVAL 4 DAY), 1, DATE_SUB(NOW(), INTERVAL 53 DAY), DATE_SUB(NOW(), INTERVAL 53 DAY), 7, 2),
(68, 'WhatsApp', 'Cliente pediu urgência na produção', 104.8, 0.54, DATE_ADD(DATE_SUB(NOW(), INTERVAL 52 DAY), INTERVAL 5 DAY), 1, DATE_SUB(NOW(), INTERVAL 52 DAY), DATE_SUB(NOW(), INTERVAL 52 DAY), 8, 2),
(69, 'Shopee', 'Pedido com tema pet e nome personalizado', 89.7, 0.96, DATE_ADD(DATE_SUB(NOW(), INTERVAL 51 DAY), INTERVAL 6 DAY), 1, DATE_SUB(NOW(), INTERVAL 51 DAY), DATE_SUB(NOW(), INTERVAL 51 DAY), 9, 4),
(70, 'Mercado Livre', 'Produto destinado a presente de formatura', 122.6, 0.91, DATE_ADD(DATE_SUB(NOW(), INTERVAL 50 DAY), INTERVAL 2 DAY), 1, DATE_SUB(NOW(), INTERVAL 50 DAY), DATE_SUB(NOW(), INTERVAL 50 DAY), 10, 2),
(71, 'Site', 'Cliente pediu ajuste de nome na arte', 39.9, 0.45, DATE_ADD(DATE_SUB(NOW(), INTERVAL 49 DAY), INTERVAL 3 DAY), 1, DATE_SUB(NOW(), INTERVAL 49 DAY), DATE_SUB(NOW(), INTERVAL 49 DAY), 11, 2),
(72, 'Instagram', 'Entrega para aniversário no fim de semana', 59.8, 0.64, DATE_ADD(DATE_SUB(NOW(), INTERVAL 48 DAY), INTERVAL 4 DAY), 1, DATE_SUB(NOW(), INTERVAL 48 DAY), DATE_SUB(NOW(), INTERVAL 48 DAY), 12, 4),
(73, 'WhatsApp', 'Personalização com frase enviada por WhatsApp', 99.8, 0.56, DATE_ADD(DATE_SUB(NOW(), INTERVAL 47 DAY), INTERVAL 5 DAY), 1, DATE_SUB(NOW(), INTERVAL 47 DAY), DATE_SUB(NOW(), INTERVAL 47 DAY), 13, 2),
(74, 'Shopee', 'Pedido com identidade visual da empresa', 69.8, 0.77, DATE_ADD(DATE_SUB(NOW(), INTERVAL 46 DAY), INTERVAL 6 DAY), 1, DATE_SUB(NOW(), INTERVAL 46 DAY), DATE_SUB(NOW(), INTERVAL 46 DAY), 14, 2),
(75, 'Mercado Livre', 'Arte aprovada sem alterações', 99.7, 1.09, DATE_ADD(DATE_SUB(NOW(), INTERVAL 45 DAY), INTERVAL 2 DAY), 1, DATE_SUB(NOW(), INTERVAL 45 DAY), DATE_SUB(NOW(), INTERVAL 45 DAY), 15, 4),
(76, 'Site', 'Cliente solicitou embalagem para presente', 27.9, 0.15, DATE_ADD(DATE_SUB(NOW(), INTERVAL 44 DAY), INTERVAL 3 DAY), 1, DATE_SUB(NOW(), INTERVAL 44 DAY), DATE_SUB(NOW(), INTERVAL 44 DAY), 16, 2),
(77, 'Instagram', 'Pedido para lembrança de evento corporativo', 29.9, 0.32, DATE_ADD(DATE_SUB(NOW(), INTERVAL 43 DAY), INTERVAL 4 DAY), 1, DATE_SUB(NOW(), INTERVAL 43 DAY), DATE_SUB(NOW(), INTERVAL 43 DAY), 17, 2),
(78, 'WhatsApp', 'Cliente pediu urgência na produção', 57.8, 0.47, DATE_ADD(DATE_SUB(NOW(), INTERVAL 42 DAY), INTERVAL 5 DAY), 1, DATE_SUB(NOW(), INTERVAL 42 DAY), DATE_SUB(NOW(), INTERVAL 42 DAY), 18, 4),
(79, 'Shopee', 'Pedido com tema pet e nome personalizado', 59.8, 0.64, DATE_ADD(DATE_SUB(NOW(), INTERVAL 41 DAY), INTERVAL 6 DAY), 1, DATE_SUB(NOW(), INTERVAL 41 DAY), DATE_SUB(NOW(), INTERVAL 41 DAY), 19, 2),
(80, 'Mercado Livre', 'Produto destinado a presente de formatura', 129.7, 0.88, DATE_ADD(DATE_SUB(NOW(), INTERVAL 40 DAY), INTERVAL 2 DAY), 1, DATE_SUB(NOW(), INTERVAL 40 DAY), DATE_SUB(NOW(), INTERVAL 40 DAY), 20, 2),
(81, 'Site', 'Cliente pediu ajuste de nome na arte', 54.9, 0.75, DATE_ADD(DATE_SUB(NOW(), INTERVAL 39 DAY), INTERVAL 3 DAY), 1, DATE_SUB(NOW(), INTERVAL 39 DAY), DATE_SUB(NOW(), INTERVAL 39 DAY), 21, 4),
(82, 'Instagram', 'Entrega para aniversário no fim de semana', 109.8, 1.5, DATE_ADD(DATE_SUB(NOW(), INTERVAL 38 DAY), INTERVAL 4 DAY), 1, DATE_SUB(NOW(), INTERVAL 38 DAY), DATE_SUB(NOW(), INTERVAL 38 DAY), 22, 2),
(83, 'WhatsApp', 'Personalização com frase enviada por WhatsApp', 89.8, 0.52, DATE_ADD(DATE_SUB(NOW(), INTERVAL 37 DAY), INTERVAL 5 DAY), 1, DATE_SUB(NOW(), INTERVAL 37 DAY), DATE_SUB(NOW(), INTERVAL 37 DAY), 23, 2),
(84, 'Shopee', 'Pedido com identidade visual da empresa', 59.8, 0.64, DATE_ADD(DATE_SUB(NOW(), INTERVAL 36 DAY), INTERVAL 6 DAY), 1, DATE_SUB(NOW(), INTERVAL 36 DAY), DATE_SUB(NOW(), INTERVAL 36 DAY), 24, 4),
(85, 'Mercado Livre', 'Arte aprovada sem alterações', 219.5, 0.96, DATE_ADD(DATE_SUB(NOW(), INTERVAL 35 DAY), INTERVAL 2 DAY), 1, DATE_SUB(NOW(), INTERVAL 35 DAY), DATE_SUB(NOW(), INTERVAL 35 DAY), 25, 2),
(86, 'Site', 'Cliente solicitou embalagem para presente', 29.9, 0.32, DATE_ADD(DATE_SUB(NOW(), INTERVAL 34 DAY), INTERVAL 3 DAY), 1, DATE_SUB(NOW(), INTERVAL 34 DAY), DATE_SUB(NOW(), INTERVAL 34 DAY), 26, 2),
(87, 'Instagram', 'Pedido para lembrança de evento corporativo', 79.8, 0.9, DATE_ADD(DATE_SUB(NOW(), INTERVAL 33 DAY), INTERVAL 4 DAY), 1, DATE_SUB(NOW(), INTERVAL 33 DAY), DATE_SUB(NOW(), INTERVAL 33 DAY), 27, 4),
(88, 'WhatsApp', 'Cliente pediu urgência na produção', 199.6, 1.12, DATE_ADD(DATE_SUB(NOW(), INTERVAL 32 DAY), INTERVAL 5 DAY), 1, DATE_SUB(NOW(), INTERVAL 32 DAY), DATE_SUB(NOW(), INTERVAL 32 DAY), 28, 2),
(89, 'Shopee', 'Pedido com tema pet e nome personalizado', 137.7, 1.65, DATE_ADD(DATE_SUB(NOW(), INTERVAL 31 DAY), INTERVAL 6 DAY), 1, DATE_SUB(NOW(), INTERVAL 31 DAY), DATE_SUB(NOW(), INTERVAL 31 DAY), 29, 2),
(90, 'Mercado Livre', 'Produto destinado a presente de formatura', 89.7, 0.96, DATE_ADD(DATE_SUB(NOW(), INTERVAL 30 DAY), INTERVAL 2 DAY), 1, DATE_SUB(NOW(), INTERVAL 30 DAY), DATE_SUB(NOW(), INTERVAL 30 DAY), 30, 4),
(91, 'Site', 'Cliente pediu ajuste de nome na arte', 59.8, 0.64, DATE_ADD(DATE_SUB(NOW(), INTERVAL 29 DAY), INTERVAL 3 DAY), 1, DATE_SUB(NOW(), INTERVAL 29 DAY), DATE_SUB(NOW(), INTERVAL 29 DAY), 1, 2),
(92, 'Instagram', 'Entrega para aniversário no fim de semana', 29.9, 0.32, DATE_ADD(DATE_SUB(NOW(), INTERVAL 28 DAY), INTERVAL 4 DAY), 1, DATE_SUB(NOW(), INTERVAL 28 DAY), DATE_SUB(NOW(), INTERVAL 28 DAY), 2, 2),
(93, 'WhatsApp', 'Personalização com frase enviada por WhatsApp', 127.7, 1.15, DATE_ADD(DATE_SUB(NOW(), INTERVAL 27 DAY), INTERVAL 5 DAY), 1, DATE_SUB(NOW(), INTERVAL 27 DAY), DATE_SUB(NOW(), INTERVAL 27 DAY), 3, 4),
(94, 'Shopee', 'Pedido com identidade visual da empresa', 119.7, 1.0, DATE_ADD(DATE_SUB(NOW(), INTERVAL 26 DAY), INTERVAL 6 DAY), 1, DATE_SUB(NOW(), INTERVAL 26 DAY), DATE_SUB(NOW(), INTERVAL 26 DAY), 4, 2),
(95, 'Mercado Livre', 'Arte aprovada sem alterações', 119.7, 1.19, DATE_ADD(DATE_SUB(NOW(), INTERVAL 25 DAY), INTERVAL 2 DAY), 1, DATE_SUB(NOW(), INTERVAL 25 DAY), DATE_SUB(NOW(), INTERVAL 25 DAY), 5, 2),
(96, 'Site', 'Cliente solicitou embalagem para presente', 39.9, 0.18, DATE_ADD(DATE_SUB(NOW(), INTERVAL 24 DAY), INTERVAL 3 DAY), 1, DATE_SUB(NOW(), INTERVAL 24 DAY), DATE_SUB(NOW(), INTERVAL 24 DAY), 6, 4),
(97, 'Instagram', 'Pedido para lembrança de evento corporativo', 39.9, 0.18, DATE_ADD(DATE_SUB(NOW(), INTERVAL 23 DAY), INTERVAL 4 DAY), 1, DATE_SUB(NOW(), INTERVAL 23 DAY), DATE_SUB(NOW(), INTERVAL 23 DAY), 7, 2),
(98, 'WhatsApp', 'Cliente pediu urgência na produção', 59.8, 0.64, DATE_ADD(DATE_SUB(NOW(), INTERVAL 22 DAY), INTERVAL 5 DAY), 1, DATE_SUB(NOW(), INTERVAL 22 DAY), DATE_SUB(NOW(), INTERVAL 22 DAY), 8, 2),
(99, 'Shopee', 'Pedido com tema pet e nome personalizado', 99.7, 0.82, DATE_ADD(DATE_SUB(NOW(), INTERVAL 21 DAY), INTERVAL 6 DAY), 1, DATE_SUB(NOW(), INTERVAL 21 DAY), DATE_SUB(NOW(), INTERVAL 21 DAY), 9, 4),
(100, 'Mercado Livre', 'Produto destinado a presente de formatura', 209.5, 2.14, DATE_ADD(DATE_SUB(NOW(), INTERVAL 20 DAY), INTERVAL 2 DAY), 1, DATE_SUB(NOW(), INTERVAL 20 DAY), DATE_SUB(NOW(), INTERVAL 20 DAY), 10, 2),
(101, 'Site', 'Cliente pediu ajuste de nome na arte', 29.9, 0.32, DATE_ADD(DATE_SUB(NOW(), INTERVAL 19 DAY), INTERVAL 3 DAY), 1, DATE_SUB(NOW(), INTERVAL 19 DAY), DATE_SUB(NOW(), INTERVAL 19 DAY), 11, 2),
(102, 'Instagram', 'Entrega para aniversário no fim de semana', 59.9, 0.2, DATE_ADD(DATE_SUB(NOW(), INTERVAL 18 DAY), INTERVAL 4 DAY), 1, DATE_SUB(NOW(), INTERVAL 18 DAY), DATE_SUB(NOW(), INTERVAL 18 DAY), 12, 4),
(103, 'WhatsApp', 'Personalização com frase enviada por WhatsApp', 79.8, 0.82, DATE_ADD(DATE_SUB(NOW(), INTERVAL 17 DAY), INTERVAL 5 DAY), 1, DATE_SUB(NOW(), INTERVAL 17 DAY), DATE_SUB(NOW(), INTERVAL 17 DAY), 13, 2),
(104, 'Shopee', 'Pedido com identidade visual da empresa', 109.7, 1.14, DATE_ADD(DATE_SUB(NOW(), INTERVAL 16 DAY), INTERVAL 6 DAY), 1, DATE_SUB(NOW(), INTERVAL 16 DAY), DATE_SUB(NOW(), INTERVAL 16 DAY), 14, 2),
(105, 'Mercado Livre', 'Arte aprovada sem alterações', 94.7, 0.76, DATE_ADD(DATE_SUB(NOW(), INTERVAL 15 DAY), INTERVAL 2 DAY), 1, DATE_SUB(NOW(), INTERVAL 15 DAY), DATE_SUB(NOW(), INTERVAL 15 DAY), 15, 4),
(106, 'Site', 'Cliente solicitou embalagem para presente', 69.9, 0.24, DATE_ADD(DATE_SUB(NOW(), INTERVAL 14 DAY), INTERVAL 3 DAY), 1, DATE_SUB(NOW(), INTERVAL 14 DAY), DATE_SUB(NOW(), INTERVAL 14 DAY), 16, 2),
(107, 'Instagram', 'Pedido para lembrança de evento corporativo', 99.8, 1.0, DATE_ADD(DATE_SUB(NOW(), INTERVAL 13 DAY), INTERVAL 4 DAY), 1, DATE_SUB(NOW(), INTERVAL 13 DAY), DATE_SUB(NOW(), INTERVAL 13 DAY), 17, 2),
(108, 'WhatsApp', 'Cliente pediu urgência na produção', 89.8, 0.68, DATE_ADD(DATE_SUB(NOW(), INTERVAL 12 DAY), INTERVAL 5 DAY), 1, DATE_SUB(NOW(), INTERVAL 12 DAY), DATE_SUB(NOW(), INTERVAL 12 DAY), 18, 4),
(109, 'Shopee', 'Pedido com tema pet e nome personalizado', 74.8, 0.66, DATE_ADD(DATE_SUB(NOW(), INTERVAL 11 DAY), INTERVAL 6 DAY), 1, DATE_SUB(NOW(), INTERVAL 11 DAY), DATE_SUB(NOW(), INTERVAL 11 DAY), 19, 2),
(110, 'Mercado Livre', 'Produto destinado a presente de formatura', 104.7, 0.98, DATE_ADD(DATE_SUB(NOW(), INTERVAL 10 DAY), INTERVAL 2 DAY), 1, DATE_SUB(NOW(), INTERVAL 10 DAY), DATE_SUB(NOW(), INTERVAL 10 DAY), 20, 2),
(111, 'Site', 'Cliente pediu ajuste de nome na arte', 29.9, 0.32, DATE_ADD(DATE_SUB(NOW(), INTERVAL 9 DAY), INTERVAL 3 DAY), 1, DATE_SUB(NOW(), INTERVAL 9 DAY), DATE_SUB(NOW(), INTERVAL 9 DAY), 21, 4),
(112, 'Instagram', 'Entrega para aniversário no fim de semana', 59.9, 0.2, DATE_ADD(DATE_SUB(NOW(), INTERVAL 8 DAY), INTERVAL 4 DAY), 1, DATE_SUB(NOW(), INTERVAL 8 DAY), DATE_SUB(NOW(), INTERVAL 8 DAY), 22, 2),
(113, 'WhatsApp', 'Personalização com frase enviada por WhatsApp', 59.8, 0.64, DATE_ADD(DATE_SUB(NOW(), INTERVAL 7 DAY), INTERVAL 5 DAY), 1, DATE_SUB(NOW(), INTERVAL 7 DAY), DATE_SUB(NOW(), INTERVAL 7 DAY), 23, 2),
(114, 'Shopee', 'Pedido com identidade visual da empresa', 84.8, 0.79, DATE_ADD(DATE_SUB(NOW(), INTERVAL 6 DAY), INTERVAL 6 DAY), 1, DATE_SUB(NOW(), INTERVAL 6 DAY), DATE_SUB(NOW(), INTERVAL 6 DAY), 24, 4),
(115, 'Mercado Livre', 'Arte aprovada sem alterações', 99.7, 1.09, DATE_ADD(DATE_SUB(NOW(), INTERVAL 5 DAY), INTERVAL 2 DAY), 1, DATE_SUB(NOW(), INTERVAL 5 DAY), DATE_SUB(NOW(), INTERVAL 5 DAY), 25, 2),
(116, 'Site', 'Cliente solicitou embalagem para presente', 69.8, 0.24, DATE_ADD(DATE_SUB(NOW(), INTERVAL 4 DAY), INTERVAL 3 DAY), 1, DATE_SUB(NOW(), INTERVAL 4 DAY), DATE_SUB(NOW(), INTERVAL 4 DAY), 26, 2),
(117, 'Instagram', 'Pedido para lembrança de evento corporativo', 99.8, 1.0, DATE_ADD(DATE_SUB(NOW(), INTERVAL 3 DAY), INTERVAL 4 DAY), 1, DATE_SUB(NOW(), INTERVAL 3 DAY), DATE_SUB(NOW(), INTERVAL 3 DAY), 27, 4),
(118, 'WhatsApp', 'Cliente pediu urgência na produção', 59.8, 0.64, DATE_ADD(DATE_SUB(NOW(), INTERVAL 2 DAY), INTERVAL 5 DAY), 1, DATE_SUB(NOW(), INTERVAL 2 DAY), DATE_SUB(NOW(), INTERVAL 2 DAY), 28, 2),
(119, 'Shopee', 'Pedido com tema pet e nome personalizado', 87.7, 0.79, DATE_ADD(DATE_SUB(NOW(), INTERVAL 1 DAY), INTERVAL 6 DAY), 1, DATE_SUB(NOW(), INTERVAL 1 DAY), DATE_SUB(NOW(), INTERVAL 1 DAY), 29, 2),
(120, 'Mercado Livre', 'Produto destinado a presente de formatura', 99.7, 0.82, DATE_ADD(DATE_SUB(NOW(), INTERVAL 0 DAY), INTERVAL 2 DAY), 1, DATE_SUB(NOW(), INTERVAL 0 DAY), DATE_SUB(NOW(), INTERVAL 0 DAY), 30, 4);

INSERT IGNORE INTO pedido_status_pedido (id, status_atual, created_at, updated_at, pedido_id, status_id) VALUES
(1, 1, DATE_SUB(NOW(), INTERVAL 119 DAY), NOW(), 1, 4),
(2, 1, DATE_SUB(NOW(), INTERVAL 118 DAY), NOW(), 2, 4),
(3, 1, DATE_SUB(NOW(), INTERVAL 117 DAY), NOW(), 3, 4),
(4, 1, DATE_SUB(NOW(), INTERVAL 116 DAY), NOW(), 4, 4),
(5, 1, DATE_SUB(NOW(), INTERVAL 115 DAY), NOW(), 5, 4),
(6, 1, DATE_SUB(NOW(), INTERVAL 114 DAY), NOW(), 6, 4),
(7, 1, DATE_SUB(NOW(), INTERVAL 113 DAY), NOW(), 7, 4),
(8, 1, DATE_SUB(NOW(), INTERVAL 112 DAY), NOW(), 8, 4),
(9, 1, DATE_SUB(NOW(), INTERVAL 111 DAY), NOW(), 9, 4),
(10, 1, DATE_SUB(NOW(), INTERVAL 110 DAY), NOW(), 10, 4),
(11, 1, DATE_SUB(NOW(), INTERVAL 109 DAY), NOW(), 11, 4),
(12, 1, DATE_SUB(NOW(), INTERVAL 108 DAY), NOW(), 12, 4),
(13, 1, DATE_SUB(NOW(), INTERVAL 107 DAY), NOW(), 13, 4),
(14, 1, DATE_SUB(NOW(), INTERVAL 106 DAY), NOW(), 14, 4),
(15, 1, DATE_SUB(NOW(), INTERVAL 105 DAY), NOW(), 15, 4),
(16, 1, DATE_SUB(NOW(), INTERVAL 104 DAY), NOW(), 16, 4),
(17, 1, DATE_SUB(NOW(), INTERVAL 103 DAY), NOW(), 17, 4),
(18, 1, DATE_SUB(NOW(), INTERVAL 102 DAY), NOW(), 18, 4),
(19, 1, DATE_SUB(NOW(), INTERVAL 101 DAY), NOW(), 19, 4),
(20, 1, DATE_SUB(NOW(), INTERVAL 100 DAY), NOW(), 20, 4),
(21, 1, DATE_SUB(NOW(), INTERVAL 99 DAY), NOW(), 21, 4),
(22, 1, DATE_SUB(NOW(), INTERVAL 98 DAY), NOW(), 22, 4),
(23, 1, DATE_SUB(NOW(), INTERVAL 97 DAY), NOW(), 23, 4),
(24, 1, DATE_SUB(NOW(), INTERVAL 96 DAY), NOW(), 24, 4),
(25, 1, DATE_SUB(NOW(), INTERVAL 95 DAY), NOW(), 25, 4),
(26, 1, DATE_SUB(NOW(), INTERVAL 94 DAY), NOW(), 26, 4),
(27, 1, DATE_SUB(NOW(), INTERVAL 93 DAY), NOW(), 27, 4),
(28, 1, DATE_SUB(NOW(), INTERVAL 92 DAY), NOW(), 28, 4),
(29, 1, DATE_SUB(NOW(), INTERVAL 91 DAY), NOW(), 29, 4),
(30, 1, DATE_SUB(NOW(), INTERVAL 90 DAY), NOW(), 30, 4),
(31, 1, DATE_SUB(NOW(), INTERVAL 89 DAY), NOW(), 31, 4),
(32, 1, DATE_SUB(NOW(), INTERVAL 88 DAY), NOW(), 32, 4),
(33, 1, DATE_SUB(NOW(), INTERVAL 87 DAY), NOW(), 33, 4),
(34, 1, DATE_SUB(NOW(), INTERVAL 86 DAY), NOW(), 34, 4),
(35, 1, DATE_SUB(NOW(), INTERVAL 85 DAY), NOW(), 35, 4),
(36, 1, DATE_SUB(NOW(), INTERVAL 84 DAY), NOW(), 36, 4),
(37, 1, DATE_SUB(NOW(), INTERVAL 83 DAY), NOW(), 37, 4),
(38, 1, DATE_SUB(NOW(), INTERVAL 82 DAY), NOW(), 38, 4),
(39, 1, DATE_SUB(NOW(), INTERVAL 81 DAY), NOW(), 39, 4),
(40, 1, DATE_SUB(NOW(), INTERVAL 80 DAY), NOW(), 40, 4),
(41, 1, DATE_SUB(NOW(), INTERVAL 79 DAY), NOW(), 41, 3),
(42, 1, DATE_SUB(NOW(), INTERVAL 78 DAY), NOW(), 42, 3),
(43, 1, DATE_SUB(NOW(), INTERVAL 77 DAY), NOW(), 43, 3),
(44, 1, DATE_SUB(NOW(), INTERVAL 76 DAY), NOW(), 44, 3),
(45, 1, DATE_SUB(NOW(), INTERVAL 75 DAY), NOW(), 45, 3),
(46, 1, DATE_SUB(NOW(), INTERVAL 74 DAY), NOW(), 46, 3),
(47, 1, DATE_SUB(NOW(), INTERVAL 73 DAY), NOW(), 47, 3),
(48, 1, DATE_SUB(NOW(), INTERVAL 72 DAY), NOW(), 48, 3),
(49, 1, DATE_SUB(NOW(), INTERVAL 71 DAY), NOW(), 49, 3),
(50, 1, DATE_SUB(NOW(), INTERVAL 70 DAY), NOW(), 50, 3),
(51, 1, DATE_SUB(NOW(), INTERVAL 69 DAY), NOW(), 51, 3),
(52, 1, DATE_SUB(NOW(), INTERVAL 68 DAY), NOW(), 52, 3),
(53, 1, DATE_SUB(NOW(), INTERVAL 67 DAY), NOW(), 53, 3),
(54, 1, DATE_SUB(NOW(), INTERVAL 66 DAY), NOW(), 54, 3),
(55, 1, DATE_SUB(NOW(), INTERVAL 65 DAY), NOW(), 55, 3),
(56, 1, DATE_SUB(NOW(), INTERVAL 64 DAY), NOW(), 56, 3),
(57, 1, DATE_SUB(NOW(), INTERVAL 63 DAY), NOW(), 57, 3),
(58, 1, DATE_SUB(NOW(), INTERVAL 62 DAY), NOW(), 58, 3),
(59, 1, DATE_SUB(NOW(), INTERVAL 61 DAY), NOW(), 59, 3),
(60, 1, DATE_SUB(NOW(), INTERVAL 60 DAY), NOW(), 60, 3),
(61, 1, DATE_SUB(NOW(), INTERVAL 59 DAY), NOW(), 61, 3),
(62, 1, DATE_SUB(NOW(), INTERVAL 58 DAY), NOW(), 62, 3),
(63, 1, DATE_SUB(NOW(), INTERVAL 57 DAY), NOW(), 63, 3),
(64, 1, DATE_SUB(NOW(), INTERVAL 56 DAY), NOW(), 64, 3),
(65, 1, DATE_SUB(NOW(), INTERVAL 55 DAY), NOW(), 65, 3),
(66, 1, DATE_SUB(NOW(), INTERVAL 54 DAY), NOW(), 66, 3),
(67, 1, DATE_SUB(NOW(), INTERVAL 53 DAY), NOW(), 67, 3),
(68, 1, DATE_SUB(NOW(), INTERVAL 52 DAY), NOW(), 68, 3),
(69, 1, DATE_SUB(NOW(), INTERVAL 51 DAY), NOW(), 69, 3),
(70, 1, DATE_SUB(NOW(), INTERVAL 50 DAY), NOW(), 70, 3),
(71, 1, DATE_SUB(NOW(), INTERVAL 49 DAY), NOW(), 71, 2),
(72, 1, DATE_SUB(NOW(), INTERVAL 48 DAY), NOW(), 72, 2),
(73, 1, DATE_SUB(NOW(), INTERVAL 47 DAY), NOW(), 73, 2),
(74, 1, DATE_SUB(NOW(), INTERVAL 46 DAY), NOW(), 74, 2),
(75, 1, DATE_SUB(NOW(), INTERVAL 45 DAY), NOW(), 75, 2),
(76, 1, DATE_SUB(NOW(), INTERVAL 44 DAY), NOW(), 76, 2),
(77, 1, DATE_SUB(NOW(), INTERVAL 43 DAY), NOW(), 77, 2),
(78, 1, DATE_SUB(NOW(), INTERVAL 42 DAY), NOW(), 78, 2),
(79, 1, DATE_SUB(NOW(), INTERVAL 41 DAY), NOW(), 79, 2),
(80, 1, DATE_SUB(NOW(), INTERVAL 40 DAY), NOW(), 80, 2),
(81, 1, DATE_SUB(NOW(), INTERVAL 39 DAY), NOW(), 81, 2),
(82, 1, DATE_SUB(NOW(), INTERVAL 38 DAY), NOW(), 82, 2),
(83, 1, DATE_SUB(NOW(), INTERVAL 37 DAY), NOW(), 83, 2),
(84, 1, DATE_SUB(NOW(), INTERVAL 36 DAY), NOW(), 84, 2),
(85, 1, DATE_SUB(NOW(), INTERVAL 35 DAY), NOW(), 85, 2),
(86, 1, DATE_SUB(NOW(), INTERVAL 34 DAY), NOW(), 86, 2),
(87, 1, DATE_SUB(NOW(), INTERVAL 33 DAY), NOW(), 87, 2),
(88, 1, DATE_SUB(NOW(), INTERVAL 32 DAY), NOW(), 88, 2),
(89, 1, DATE_SUB(NOW(), INTERVAL 31 DAY), NOW(), 89, 2),
(90, 1, DATE_SUB(NOW(), INTERVAL 30 DAY), NOW(), 90, 2),
(91, 1, DATE_SUB(NOW(), INTERVAL 29 DAY), NOW(), 91, 2),
(92, 1, DATE_SUB(NOW(), INTERVAL 28 DAY), NOW(), 92, 2),
(93, 1, DATE_SUB(NOW(), INTERVAL 27 DAY), NOW(), 93, 2),
(94, 1, DATE_SUB(NOW(), INTERVAL 26 DAY), NOW(), 94, 2),
(95, 1, DATE_SUB(NOW(), INTERVAL 25 DAY), NOW(), 95, 2),
(96, 1, DATE_SUB(NOW(), INTERVAL 24 DAY), NOW(), 96, 2),
(97, 1, DATE_SUB(NOW(), INTERVAL 23 DAY), NOW(), 97, 2),
(98, 1, DATE_SUB(NOW(), INTERVAL 22 DAY), NOW(), 98, 2),
(99, 1, DATE_SUB(NOW(), INTERVAL 21 DAY), NOW(), 99, 2),
(100, 1, DATE_SUB(NOW(), INTERVAL 20 DAY), NOW(), 100, 2),
(101, 1, DATE_SUB(NOW(), INTERVAL 19 DAY), NOW(), 101, 1),
(102, 1, DATE_SUB(NOW(), INTERVAL 18 DAY), NOW(), 102, 1),
(103, 1, DATE_SUB(NOW(), INTERVAL 17 DAY), NOW(), 103, 1),
(104, 1, DATE_SUB(NOW(), INTERVAL 16 DAY), NOW(), 104, 1),
(105, 1, DATE_SUB(NOW(), INTERVAL 15 DAY), NOW(), 105, 1),
(106, 1, DATE_SUB(NOW(), INTERVAL 14 DAY), NOW(), 106, 1),
(107, 1, DATE_SUB(NOW(), INTERVAL 13 DAY), NOW(), 107, 1),
(108, 1, DATE_SUB(NOW(), INTERVAL 12 DAY), NOW(), 108, 1),
(109, 1, DATE_SUB(NOW(), INTERVAL 11 DAY), NOW(), 109, 1),
(110, 1, DATE_SUB(NOW(), INTERVAL 10 DAY), NOW(), 110, 1),
(111, 1, DATE_SUB(NOW(), INTERVAL 9 DAY), NOW(), 111, 1),
(112, 1, DATE_SUB(NOW(), INTERVAL 8 DAY), NOW(), 112, 1),
(113, 1, DATE_SUB(NOW(), INTERVAL 7 DAY), NOW(), 113, 1),
(114, 1, DATE_SUB(NOW(), INTERVAL 6 DAY), NOW(), 114, 1),
(115, 1, DATE_SUB(NOW(), INTERVAL 5 DAY), NOW(), 115, 1),
(116, 1, DATE_SUB(NOW(), INTERVAL 4 DAY), NOW(), 116, 1),
(117, 1, DATE_SUB(NOW(), INTERVAL 3 DAY), NOW(), 117, 1),
(118, 1, DATE_SUB(NOW(), INTERVAL 2 DAY), NOW(), 118, 1),
(119, 1, DATE_SUB(NOW(), INTERVAL 1 DAY), NOW(), 119, 1),
(120, 1, DATE_SUB(NOW(), INTERVAL 0 DAY), NOW(), 120, 1);

INSERT IGNORE INTO produto_pedido (id, qtd_produto, preco_unitario, preco_total, peso_unitario, peso_total, created_at, updated_at, pedido_id, produto_id) VALUES
(1, 1, 29.9, 29.9, 0.32, 0.32, DATE_SUB(NOW(), INTERVAL 119 DAY), DATE_SUB(NOW(), INTERVAL 119 DAY), 1, 5),
(2, 1, 39.9, 39.9, 0.18, 0.18, DATE_SUB(NOW(), INTERVAL 118 DAY), DATE_SUB(NOW(), INTERVAL 118 DAY), 2, 17),
(3, 1, 54.9, 54.9, 0.75, 0.75, DATE_SUB(NOW(), INTERVAL 117 DAY), DATE_SUB(NOW(), INTERVAL 117 DAY), 3, 16),
(4, 1, 29.9, 29.9, 0.32, 0.32, DATE_SUB(NOW(), INTERVAL 117 DAY), DATE_SUB(NOW(), INTERVAL 117 DAY), 3, 3),
(5, 1, 29.9, 29.9, 0.32, 0.32, DATE_SUB(NOW(), INTERVAL 116 DAY), DATE_SUB(NOW(), INTERVAL 116 DAY), 4, 2),
(6, 1, 29.9, 29.9, 0.32, 0.32, DATE_SUB(NOW(), INTERVAL 116 DAY), DATE_SUB(NOW(), INTERVAL 116 DAY), 4, 4),
(7, 1, 29.9, 29.9, 0.32, 0.32, DATE_SUB(NOW(), INTERVAL 115 DAY), DATE_SUB(NOW(), INTERVAL 115 DAY), 5, 5),
(8, 1, 29.9, 29.9, 0.32, 0.32, DATE_SUB(NOW(), INTERVAL 115 DAY), DATE_SUB(NOW(), INTERVAL 115 DAY), 5, 6),
(9, 1, 69.9, 69.9, 0.24, 0.24, DATE_SUB(NOW(), INTERVAL 115 DAY), DATE_SUB(NOW(), INTERVAL 115 DAY), 5, 14),
(10, 1, 34.9, 34.9, 0.12, 0.12, DATE_SUB(NOW(), INTERVAL 114 DAY), DATE_SUB(NOW(), INTERVAL 114 DAY), 6, 20),
(11, 1, 29.9, 29.9, 0.32, 0.32, DATE_SUB(NOW(), INTERVAL 113 DAY), DATE_SUB(NOW(), INTERVAL 113 DAY), 7, 3),
(12, 2, 59.9, 119.8, 0.2, 0.4, DATE_SUB(NOW(), INTERVAL 112 DAY), DATE_SUB(NOW(), INTERVAL 112 DAY), 8, 13),
(13, 2, 34.9, 69.8, 0.12, 0.24, DATE_SUB(NOW(), INTERVAL 112 DAY), DATE_SUB(NOW(), INTERVAL 112 DAY), 8, 20),
(14, 1, 34.9, 34.9, 0.12, 0.12, DATE_SUB(NOW(), INTERVAL 111 DAY), DATE_SUB(NOW(), INTERVAL 111 DAY), 9, 20),
(15, 1, 39.9, 39.9, 0.45, 0.45, DATE_SUB(NOW(), INTERVAL 111 DAY), DATE_SUB(NOW(), INTERVAL 111 DAY), 9, 15),
(16, 1, 39.9, 39.9, 0.18, 0.18, DATE_SUB(NOW(), INTERVAL 110 DAY), DATE_SUB(NOW(), INTERVAL 110 DAY), 10, 17),
(17, 1, 29.9, 29.9, 0.32, 0.32, DATE_SUB(NOW(), INTERVAL 110 DAY), DATE_SUB(NOW(), INTERVAL 110 DAY), 10, 9),
(18, 2, 27.9, 55.8, 0.15, 0.3, DATE_SUB(NOW(), INTERVAL 110 DAY), DATE_SUB(NOW(), INTERVAL 110 DAY), 10, 18),
(19, 1, 29.9, 29.9, 0.32, 0.32, DATE_SUB(NOW(), INTERVAL 109 DAY), DATE_SUB(NOW(), INTERVAL 109 DAY), 11, 1),
(20, 1, 29.9, 29.9, 0.32, 0.32, DATE_SUB(NOW(), INTERVAL 108 DAY), DATE_SUB(NOW(), INTERVAL 108 DAY), 12, 4),
(21, 1, 27.9, 27.9, 0.15, 0.15, DATE_SUB(NOW(), INTERVAL 107 DAY), DATE_SUB(NOW(), INTERVAL 107 DAY), 13, 18),
(22, 1, 29.9, 29.9, 0.32, 0.32, DATE_SUB(NOW(), INTERVAL 107 DAY), DATE_SUB(NOW(), INTERVAL 107 DAY), 13, 9),
(23, 1, 44.9, 44.9, 0.34, 0.34, DATE_SUB(NOW(), INTERVAL 106 DAY), DATE_SUB(NOW(), INTERVAL 106 DAY), 14, 11),
(24, 1, 29.9, 29.9, 0.32, 0.32, DATE_SUB(NOW(), INTERVAL 106 DAY), DATE_SUB(NOW(), INTERVAL 106 DAY), 14, 4),
(25, 1, 29.9, 29.9, 0.32, 0.32, DATE_SUB(NOW(), INTERVAL 105 DAY), DATE_SUB(NOW(), INTERVAL 105 DAY), 15, 10),
(26, 1, 69.9, 69.9, 0.24, 0.24, DATE_SUB(NOW(), INTERVAL 105 DAY), DATE_SUB(NOW(), INTERVAL 105 DAY), 15, 14),
(27, 2, 29.9, 59.8, 0.32, 0.64, DATE_SUB(NOW(), INTERVAL 105 DAY), DATE_SUB(NOW(), INTERVAL 105 DAY), 15, 6),
(28, 1, 39.9, 39.9, 0.45, 0.45, DATE_SUB(NOW(), INTERVAL 104 DAY), DATE_SUB(NOW(), INTERVAL 104 DAY), 16, 15),
(29, 1, 29.9, 29.9, 0.32, 0.32, DATE_SUB(NOW(), INTERVAL 103 DAY), DATE_SUB(NOW(), INTERVAL 103 DAY), 17, 1),
(30, 1, 29.9, 29.9, 0.32, 0.32, DATE_SUB(NOW(), INTERVAL 102 DAY), DATE_SUB(NOW(), INTERVAL 102 DAY), 18, 9),
(31, 2, 39.9, 79.8, 0.18, 0.36, DATE_SUB(NOW(), INTERVAL 102 DAY), DATE_SUB(NOW(), INTERVAL 102 DAY), 18, 17),
(32, 1, 29.9, 29.9, 0.32, 0.32, DATE_SUB(NOW(), INTERVAL 101 DAY), DATE_SUB(NOW(), INTERVAL 101 DAY), 19, 6),
(33, 1, 39.9, 39.9, 0.18, 0.18, DATE_SUB(NOW(), INTERVAL 101 DAY), DATE_SUB(NOW(), INTERVAL 101 DAY), 19, 17),
(34, 1, 29.9, 29.9, 0.32, 0.32, DATE_SUB(NOW(), INTERVAL 100 DAY), DATE_SUB(NOW(), INTERVAL 100 DAY), 20, 4),
(35, 1, 29.9, 29.9, 0.32, 0.32, DATE_SUB(NOW(), INTERVAL 100 DAY), DATE_SUB(NOW(), INTERVAL 100 DAY), 20, 10),
(36, 1, 39.9, 39.9, 0.18, 0.18, DATE_SUB(NOW(), INTERVAL 100 DAY), DATE_SUB(NOW(), INTERVAL 100 DAY), 20, 17),
(37, 1, 34.9, 34.9, 0.12, 0.12, DATE_SUB(NOW(), INTERVAL 99 DAY), DATE_SUB(NOW(), INTERVAL 99 DAY), 21, 20),
(38, 1, 29.9, 29.9, 0.32, 0.32, DATE_SUB(NOW(), INTERVAL 98 DAY), DATE_SUB(NOW(), INTERVAL 98 DAY), 22, 7),
(39, 2, 29.9, 59.8, 0.32, 0.64, DATE_SUB(NOW(), INTERVAL 97 DAY), DATE_SUB(NOW(), INTERVAL 97 DAY), 23, 5),
(40, 2, 59.9, 119.8, 0.2, 0.4, DATE_SUB(NOW(), INTERVAL 97 DAY), DATE_SUB(NOW(), INTERVAL 97 DAY), 23, 12),
(41, 1, 29.9, 29.9, 0.32, 0.32, DATE_SUB(NOW(), INTERVAL 96 DAY), DATE_SUB(NOW(), INTERVAL 96 DAY), 24, 6),
(42, 2, 27.9, 55.8, 0.15, 0.3, DATE_SUB(NOW(), INTERVAL 96 DAY), DATE_SUB(NOW(), INTERVAL 96 DAY), 24, 18),
(43, 2, 39.9, 79.8, 0.18, 0.36, DATE_SUB(NOW(), INTERVAL 95 DAY), DATE_SUB(NOW(), INTERVAL 95 DAY), 25, 17),
(44, 1, 29.9, 29.9, 0.32, 0.32, DATE_SUB(NOW(), INTERVAL 95 DAY), DATE_SUB(NOW(), INTERVAL 95 DAY), 25, 1),
(45, 1, 44.9, 44.9, 0.34, 0.34, DATE_SUB(NOW(), INTERVAL 95 DAY), DATE_SUB(NOW(), INTERVAL 95 DAY), 25, 11),
(46, 2, 54.9, 109.8, 0.75, 1.5, DATE_SUB(NOW(), INTERVAL 94 DAY), DATE_SUB(NOW(), INTERVAL 94 DAY), 26, 16),
(47, 2, 29.9, 59.8, 0.32, 0.64, DATE_SUB(NOW(), INTERVAL 93 DAY), DATE_SUB(NOW(), INTERVAL 93 DAY), 27, 1),
(48, 1, 29.9, 29.9, 0.32, 0.32, DATE_SUB(NOW(), INTERVAL 92 DAY), DATE_SUB(NOW(), INTERVAL 92 DAY), 28, 4),
(49, 1, 59.9, 59.9, 0.2, 0.2, DATE_SUB(NOW(), INTERVAL 92 DAY), DATE_SUB(NOW(), INTERVAL 92 DAY), 28, 12),
(50, 1, 29.9, 29.9, 0.32, 0.32, DATE_SUB(NOW(), INTERVAL 91 DAY), DATE_SUB(NOW(), INTERVAL 91 DAY), 29, 10),
(51, 1, 29.9, 29.9, 0.32, 0.32, DATE_SUB(NOW(), INTERVAL 91 DAY), DATE_SUB(NOW(), INTERVAL 91 DAY), 29, 8),
(52, 1, 29.9, 29.9, 0.32, 0.32, DATE_SUB(NOW(), INTERVAL 90 DAY), DATE_SUB(NOW(), INTERVAL 90 DAY), 30, 2),
(53, 1, 29.9, 29.9, 0.32, 0.32, DATE_SUB(NOW(), INTERVAL 90 DAY), DATE_SUB(NOW(), INTERVAL 90 DAY), 30, 8),
(54, 1, 29.9, 29.9, 0.32, 0.32, DATE_SUB(NOW(), INTERVAL 90 DAY), DATE_SUB(NOW(), INTERVAL 90 DAY), 30, 3),
(55, 2, 29.9, 59.8, 0.32, 0.64, DATE_SUB(NOW(), INTERVAL 89 DAY), DATE_SUB(NOW(), INTERVAL 89 DAY), 31, 3),
(56, 1, 54.9, 54.9, 0.75, 0.75, DATE_SUB(NOW(), INTERVAL 88 DAY), DATE_SUB(NOW(), INTERVAL 88 DAY), 32, 16),
(57, 1, 29.9, 29.9, 0.32, 0.32, DATE_SUB(NOW(), INTERVAL 87 DAY), DATE_SUB(NOW(), INTERVAL 87 DAY), 33, 3),
(58, 2, 27.9, 55.8, 0.15, 0.3, DATE_SUB(NOW(), INTERVAL 87 DAY), DATE_SUB(NOW(), INTERVAL 87 DAY), 33, 18),
(59, 1, 29.9, 29.9, 0.32, 0.32, DATE_SUB(NOW(), INTERVAL 86 DAY), DATE_SUB(NOW(), INTERVAL 86 DAY), 34, 5),
(60, 1, 34.9, 34.9, 0.12, 0.12, DATE_SUB(NOW(), INTERVAL 86 DAY), DATE_SUB(NOW(), INTERVAL 86 DAY), 34, 20),
(61, 2, 54.9, 109.8, 0.75, 1.5, DATE_SUB(NOW(), INTERVAL 85 DAY), DATE_SUB(NOW(), INTERVAL 85 DAY), 35, 16),
(62, 1, 27.9, 27.9, 0.15, 0.15, DATE_SUB(NOW(), INTERVAL 85 DAY), DATE_SUB(NOW(), INTERVAL 85 DAY), 35, 18),
(63, 1, 29.9, 29.9, 0.32, 0.32, DATE_SUB(NOW(), INTERVAL 85 DAY), DATE_SUB(NOW(), INTERVAL 85 DAY), 35, 6),
(64, 1, 29.9, 29.9, 0.32, 0.32, DATE_SUB(NOW(), INTERVAL 84 DAY), DATE_SUB(NOW(), INTERVAL 84 DAY), 36, 9),
(65, 1, 39.9, 39.9, 0.18, 0.18, DATE_SUB(NOW(), INTERVAL 83 DAY), DATE_SUB(NOW(), INTERVAL 83 DAY), 37, 17),
(66, 1, 34.9, 34.9, 0.12, 0.12, DATE_SUB(NOW(), INTERVAL 82 DAY), DATE_SUB(NOW(), INTERVAL 82 DAY), 38, 20),
(67, 1, 69.9, 69.9, 0.24, 0.24, DATE_SUB(NOW(), INTERVAL 82 DAY), DATE_SUB(NOW(), INTERVAL 82 DAY), 38, 14),
(68, 1, 29.9, 29.9, 0.32, 0.32, DATE_SUB(NOW(), INTERVAL 81 DAY), DATE_SUB(NOW(), INTERVAL 81 DAY), 39, 7),
(69, 1, 27.9, 27.9, 0.15, 0.15, DATE_SUB(NOW(), INTERVAL 81 DAY), DATE_SUB(NOW(), INTERVAL 81 DAY), 39, 18),
(70, 1, 29.9, 29.9, 0.32, 0.32, DATE_SUB(NOW(), INTERVAL 80 DAY), DATE_SUB(NOW(), INTERVAL 80 DAY), 40, 7),
(71, 1, 29.9, 29.9, 0.32, 0.32, DATE_SUB(NOW(), INTERVAL 80 DAY), DATE_SUB(NOW(), INTERVAL 80 DAY), 40, 10),
(72, 1, 59.9, 59.9, 0.2, 0.2, DATE_SUB(NOW(), INTERVAL 80 DAY), DATE_SUB(NOW(), INTERVAL 80 DAY), 40, 13),
(73, 1, 59.9, 59.9, 0.2, 0.2, DATE_SUB(NOW(), INTERVAL 79 DAY), DATE_SUB(NOW(), INTERVAL 79 DAY), 41, 12),
(74, 1, 39.9, 39.9, 0.45, 0.45, DATE_SUB(NOW(), INTERVAL 78 DAY), DATE_SUB(NOW(), INTERVAL 78 DAY), 42, 15),
(75, 1, 39.9, 39.9, 0.18, 0.18, DATE_SUB(NOW(), INTERVAL 77 DAY), DATE_SUB(NOW(), INTERVAL 77 DAY), 43, 17),
(76, 1, 39.9, 39.9, 0.45, 0.45, DATE_SUB(NOW(), INTERVAL 77 DAY), DATE_SUB(NOW(), INTERVAL 77 DAY), 43, 15),
(77, 1, 29.9, 29.9, 0.32, 0.32, DATE_SUB(NOW(), INTERVAL 76 DAY), DATE_SUB(NOW(), INTERVAL 76 DAY), 44, 4),
(78, 1, 29.9, 29.9, 0.32, 0.32, DATE_SUB(NOW(), INTERVAL 76 DAY), DATE_SUB(NOW(), INTERVAL 76 DAY), 44, 8),
(79, 1, 29.9, 29.9, 0.32, 0.32, DATE_SUB(NOW(), INTERVAL 75 DAY), DATE_SUB(NOW(), INTERVAL 75 DAY), 45, 8),
(80, 1, 29.9, 29.9, 0.32, 0.32, DATE_SUB(NOW(), INTERVAL 75 DAY), DATE_SUB(NOW(), INTERVAL 75 DAY), 45, 3),
(81, 2, 44.9, 89.8, 0.34, 0.68, DATE_SUB(NOW(), INTERVAL 75 DAY), DATE_SUB(NOW(), INTERVAL 75 DAY), 45, 11),
(82, 1, 29.9, 29.9, 0.32, 0.32, DATE_SUB(NOW(), INTERVAL 74 DAY), DATE_SUB(NOW(), INTERVAL 74 DAY), 46, 1),
(83, 1, 49.9, 49.9, 0.5, 0.5, DATE_SUB(NOW(), INTERVAL 73 DAY), DATE_SUB(NOW(), INTERVAL 73 DAY), 47, 19),
(84, 1, 27.9, 27.9, 0.15, 0.15, DATE_SUB(NOW(), INTERVAL 72 DAY), DATE_SUB(NOW(), INTERVAL 72 DAY), 48, 18),
(85, 2, 29.9, 59.8, 0.32, 0.64, DATE_SUB(NOW(), INTERVAL 72 DAY), DATE_SUB(NOW(), INTERVAL 72 DAY), 48, 8),
(86, 2, 49.9, 99.8, 0.5, 1.0, DATE_SUB(NOW(), INTERVAL 71 DAY), DATE_SUB(NOW(), INTERVAL 71 DAY), 49, 19),
(87, 1, 29.9, 29.9, 0.32, 0.32, DATE_SUB(NOW(), INTERVAL 71 DAY), DATE_SUB(NOW(), INTERVAL 71 DAY), 49, 8),
(88, 2, 29.9, 59.8, 0.32, 0.64, DATE_SUB(NOW(), INTERVAL 70 DAY), DATE_SUB(NOW(), INTERVAL 70 DAY), 50, 1),
(89, 1, 29.9, 29.9, 0.32, 0.32, DATE_SUB(NOW(), INTERVAL 70 DAY), DATE_SUB(NOW(), INTERVAL 70 DAY), 50, 3),
(90, 1, 29.9, 29.9, 0.32, 0.32, DATE_SUB(NOW(), INTERVAL 70 DAY), DATE_SUB(NOW(), INTERVAL 70 DAY), 50, 2),
(91, 1, 29.9, 29.9, 0.32, 0.32, DATE_SUB(NOW(), INTERVAL 69 DAY), DATE_SUB(NOW(), INTERVAL 69 DAY), 51, 8),
(92, 1, 29.9, 29.9, 0.32, 0.32, DATE_SUB(NOW(), INTERVAL 68 DAY), DATE_SUB(NOW(), INTERVAL 68 DAY), 52, 3),
(93, 1, 29.9, 29.9, 0.32, 0.32, DATE_SUB(NOW(), INTERVAL 67 DAY), DATE_SUB(NOW(), INTERVAL 67 DAY), 53, 2),
(94, 1, 44.9, 44.9, 0.34, 0.34, DATE_SUB(NOW(), INTERVAL 67 DAY), DATE_SUB(NOW(), INTERVAL 67 DAY), 53, 11),
(95, 1, 29.9, 29.9, 0.32, 0.32, DATE_SUB(NOW(), INTERVAL 66 DAY), DATE_SUB(NOW(), INTERVAL 66 DAY), 54, 3),
(96, 1, 39.9, 39.9, 0.18, 0.18, DATE_SUB(NOW(), INTERVAL 66 DAY), DATE_SUB(NOW(), INTERVAL 66 DAY), 54, 17),
(97, 2, 29.9, 59.8, 0.32, 0.64, DATE_SUB(NOW(), INTERVAL 65 DAY), DATE_SUB(NOW(), INTERVAL 65 DAY), 55, 8),
(98, 1, 29.9, 29.9, 0.32, 0.32, DATE_SUB(NOW(), INTERVAL 65 DAY), DATE_SUB(NOW(), INTERVAL 65 DAY), 55, 9),
(99, 1, 54.9, 54.9, 0.75, 0.75, DATE_SUB(NOW(), INTERVAL 65 DAY), DATE_SUB(NOW(), INTERVAL 65 DAY), 55, 16),
(100, 2, 29.9, 59.8, 0.32, 0.64, DATE_SUB(NOW(), INTERVAL 64 DAY), DATE_SUB(NOW(), INTERVAL 64 DAY), 56, 7),
(101, 1, 27.9, 27.9, 0.15, 0.15, DATE_SUB(NOW(), INTERVAL 63 DAY), DATE_SUB(NOW(), INTERVAL 63 DAY), 57, 18),
(102, 2, 29.9, 59.8, 0.32, 0.64, DATE_SUB(NOW(), INTERVAL 62 DAY), DATE_SUB(NOW(), INTERVAL 62 DAY), 58, 5),
(103, 2, 49.9, 99.8, 0.5, 1.0, DATE_SUB(NOW(), INTERVAL 62 DAY), DATE_SUB(NOW(), INTERVAL 62 DAY), 58, 19),
(104, 1, 49.9, 49.9, 0.5, 0.5, DATE_SUB(NOW(), INTERVAL 61 DAY), DATE_SUB(NOW(), INTERVAL 61 DAY), 59, 19),
(105, 1, 54.9, 54.9, 0.75, 0.75, DATE_SUB(NOW(), INTERVAL 61 DAY), DATE_SUB(NOW(), INTERVAL 61 DAY), 59, 16),
(106, 2, 29.9, 59.8, 0.32, 0.64, DATE_SUB(NOW(), INTERVAL 60 DAY), DATE_SUB(NOW(), INTERVAL 60 DAY), 60, 8),
(107, 1, 54.9, 54.9, 0.75, 0.75, DATE_SUB(NOW(), INTERVAL 60 DAY), DATE_SUB(NOW(), INTERVAL 60 DAY), 60, 16),
(108, 1, 69.9, 69.9, 0.24, 0.24, DATE_SUB(NOW(), INTERVAL 60 DAY), DATE_SUB(NOW(), INTERVAL 60 DAY), 60, 14),
(109, 2, 29.9, 59.8, 0.32, 0.64, DATE_SUB(NOW(), INTERVAL 59 DAY), DATE_SUB(NOW(), INTERVAL 59 DAY), 61, 7),
(110, 1, 29.9, 29.9, 0.32, 0.32, DATE_SUB(NOW(), INTERVAL 58 DAY), DATE_SUB(NOW(), INTERVAL 58 DAY), 62, 4),
(111, 1, 29.9, 29.9, 0.32, 0.32, DATE_SUB(NOW(), INTERVAL 57 DAY), DATE_SUB(NOW(), INTERVAL 57 DAY), 63, 4),
(112, 2, 69.9, 139.8, 0.24, 0.48, DATE_SUB(NOW(), INTERVAL 57 DAY), DATE_SUB(NOW(), INTERVAL 57 DAY), 63, 14),
(113, 1, 59.9, 59.9, 0.2, 0.2, DATE_SUB(NOW(), INTERVAL 56 DAY), DATE_SUB(NOW(), INTERVAL 56 DAY), 64, 12),
(114, 1, 69.9, 69.9, 0.24, 0.24, DATE_SUB(NOW(), INTERVAL 56 DAY), DATE_SUB(NOW(), INTERVAL 56 DAY), 64, 14),
(115, 1, 69.9, 69.9, 0.24, 0.24, DATE_SUB(NOW(), INTERVAL 55 DAY), DATE_SUB(NOW(), INTERVAL 55 DAY), 65, 14),
(116, 1, 39.9, 39.9, 0.45, 0.45, DATE_SUB(NOW(), INTERVAL 55 DAY), DATE_SUB(NOW(), INTERVAL 55 DAY), 65, 15),
(117, 1, 29.9, 29.9, 0.32, 0.32, DATE_SUB(NOW(), INTERVAL 55 DAY), DATE_SUB(NOW(), INTERVAL 55 DAY), 65, 2),
(118, 2, 29.9, 59.8, 0.32, 0.64, DATE_SUB(NOW(), INTERVAL 54 DAY), DATE_SUB(NOW(), INTERVAL 54 DAY), 66, 4),
(119, 1, 29.9, 29.9, 0.32, 0.32, DATE_SUB(NOW(), INTERVAL 53 DAY), DATE_SUB(NOW(), INTERVAL 53 DAY), 67, 2),
(120, 1, 59.9, 59.9, 0.2, 0.2, DATE_SUB(NOW(), INTERVAL 52 DAY), DATE_SUB(NOW(), INTERVAL 52 DAY), 68, 13),
(121, 1, 44.9, 44.9, 0.34, 0.34, DATE_SUB(NOW(), INTERVAL 52 DAY), DATE_SUB(NOW(), INTERVAL 52 DAY), 68, 11),
(122, 1, 29.9, 29.9, 0.32, 0.32, DATE_SUB(NOW(), INTERVAL 51 DAY), DATE_SUB(NOW(), INTERVAL 51 DAY), 69, 4),
(123, 2, 29.9, 59.8, 0.32, 0.64, DATE_SUB(NOW(), INTERVAL 51 DAY), DATE_SUB(NOW(), INTERVAL 51 DAY), 69, 8),
(124, 2, 29.9, 59.8, 0.32, 0.64, DATE_SUB(NOW(), INTERVAL 50 DAY), DATE_SUB(NOW(), INTERVAL 50 DAY), 70, 7),
(125, 1, 34.9, 34.9, 0.12, 0.12, DATE_SUB(NOW(), INTERVAL 50 DAY), DATE_SUB(NOW(), INTERVAL 50 DAY), 70, 20),
(126, 1, 27.9, 27.9, 0.15, 0.15, DATE_SUB(NOW(), INTERVAL 50 DAY), DATE_SUB(NOW(), INTERVAL 50 DAY), 70, 18),
(127, 1, 39.9, 39.9, 0.45, 0.45, DATE_SUB(NOW(), INTERVAL 49 DAY), DATE_SUB(NOW(), INTERVAL 49 DAY), 71, 15),
(128, 2, 29.9, 59.8, 0.32, 0.64, DATE_SUB(NOW(), INTERVAL 48 DAY), DATE_SUB(NOW(), INTERVAL 48 DAY), 72, 5),
(129, 1, 69.9, 69.9, 0.24, 0.24, DATE_SUB(NOW(), INTERVAL 47 DAY), DATE_SUB(NOW(), INTERVAL 47 DAY), 73, 14),
(130, 1, 29.9, 29.9, 0.32, 0.32, DATE_SUB(NOW(), INTERVAL 47 DAY), DATE_SUB(NOW(), INTERVAL 47 DAY), 73, 6),
(131, 1, 29.9, 29.9, 0.32, 0.32, DATE_SUB(NOW(), INTERVAL 46 DAY), DATE_SUB(NOW(), INTERVAL 46 DAY), 74, 9),
(132, 1, 39.9, 39.9, 0.45, 0.45, DATE_SUB(NOW(), INTERVAL 46 DAY), DATE_SUB(NOW(), INTERVAL 46 DAY), 74, 15),
(133, 1, 29.9, 29.9, 0.32, 0.32, DATE_SUB(NOW(), INTERVAL 45 DAY), DATE_SUB(NOW(), INTERVAL 45 DAY), 75, 8),
(134, 1, 29.9, 29.9, 0.32, 0.32, DATE_SUB(NOW(), INTERVAL 45 DAY), DATE_SUB(NOW(), INTERVAL 45 DAY), 75, 3),
(135, 1, 39.9, 39.9, 0.45, 0.45, DATE_SUB(NOW(), INTERVAL 45 DAY), DATE_SUB(NOW(), INTERVAL 45 DAY), 75, 15),
(136, 1, 27.9, 27.9, 0.15, 0.15, DATE_SUB(NOW(), INTERVAL 44 DAY), DATE_SUB(NOW(), INTERVAL 44 DAY), 76, 18),
(137, 1, 29.9, 29.9, 0.32, 0.32, DATE_SUB(NOW(), INTERVAL 43 DAY), DATE_SUB(NOW(), INTERVAL 43 DAY), 77, 4),
(138, 1, 29.9, 29.9, 0.32, 0.32, DATE_SUB(NOW(), INTERVAL 42 DAY), DATE_SUB(NOW(), INTERVAL 42 DAY), 78, 2),
(139, 1, 27.9, 27.9, 0.15, 0.15, DATE_SUB(NOW(), INTERVAL 42 DAY), DATE_SUB(NOW(), INTERVAL 42 DAY), 78, 18),
(140, 1, 29.9, 29.9, 0.32, 0.32, DATE_SUB(NOW(), INTERVAL 41 DAY), DATE_SUB(NOW(), INTERVAL 41 DAY), 79, 1),
(141, 1, 29.9, 29.9, 0.32, 0.32, DATE_SUB(NOW(), INTERVAL 41 DAY), DATE_SUB(NOW(), INTERVAL 41 DAY), 79, 3),
(142, 1, 29.9, 29.9, 0.32, 0.32, DATE_SUB(NOW(), INTERVAL 40 DAY), DATE_SUB(NOW(), INTERVAL 40 DAY), 80, 8),
(143, 1, 29.9, 29.9, 0.32, 0.32, DATE_SUB(NOW(), INTERVAL 40 DAY), DATE_SUB(NOW(), INTERVAL 40 DAY), 80, 6),
(144, 1, 69.9, 69.9, 0.24, 0.24, DATE_SUB(NOW(), INTERVAL 40 DAY), DATE_SUB(NOW(), INTERVAL 40 DAY), 80, 14),
(145, 1, 54.9, 54.9, 0.75, 0.75, DATE_SUB(NOW(), INTERVAL 39 DAY), DATE_SUB(NOW(), INTERVAL 39 DAY), 81, 16),
(146, 2, 54.9, 109.8, 0.75, 1.5, DATE_SUB(NOW(), INTERVAL 38 DAY), DATE_SUB(NOW(), INTERVAL 38 DAY), 82, 16),
(147, 1, 29.9, 29.9, 0.32, 0.32, DATE_SUB(NOW(), INTERVAL 37 DAY), DATE_SUB(NOW(), INTERVAL 37 DAY), 83, 7),
(148, 1, 59.9, 59.9, 0.2, 0.2, DATE_SUB(NOW(), INTERVAL 37 DAY), DATE_SUB(NOW(), INTERVAL 37 DAY), 83, 13),
(149, 1, 29.9, 29.9, 0.32, 0.32, DATE_SUB(NOW(), INTERVAL 36 DAY), DATE_SUB(NOW(), INTERVAL 36 DAY), 84, 2),
(150, 1, 29.9, 29.9, 0.32, 0.32, DATE_SUB(NOW(), INTERVAL 36 DAY), DATE_SUB(NOW(), INTERVAL 36 DAY), 84, 6),
(151, 2, 59.9, 119.8, 0.2, 0.4, DATE_SUB(NOW(), INTERVAL 35 DAY), DATE_SUB(NOW(), INTERVAL 35 DAY), 85, 13),
(152, 1, 29.9, 29.9, 0.32, 0.32, DATE_SUB(NOW(), INTERVAL 35 DAY), DATE_SUB(NOW(), INTERVAL 35 DAY), 85, 1),
(153, 2, 34.9, 69.8, 0.12, 0.24, DATE_SUB(NOW(), INTERVAL 35 DAY), DATE_SUB(NOW(), INTERVAL 35 DAY), 85, 20),
(154, 1, 29.9, 29.9, 0.32, 0.32, DATE_SUB(NOW(), INTERVAL 34 DAY), DATE_SUB(NOW(), INTERVAL 34 DAY), 86, 9),
(155, 2, 39.9, 79.8, 0.45, 0.9, DATE_SUB(NOW(), INTERVAL 33 DAY), DATE_SUB(NOW(), INTERVAL 33 DAY), 87, 15),
(156, 2, 29.9, 59.8, 0.32, 0.64, DATE_SUB(NOW(), INTERVAL 32 DAY), DATE_SUB(NOW(), INTERVAL 32 DAY), 88, 10),
(157, 2, 69.9, 139.8, 0.24, 0.48, DATE_SUB(NOW(), INTERVAL 32 DAY), DATE_SUB(NOW(), INTERVAL 32 DAY), 88, 14),
(158, 1, 27.9, 27.9, 0.15, 0.15, DATE_SUB(NOW(), INTERVAL 31 DAY), DATE_SUB(NOW(), INTERVAL 31 DAY), 89, 18),
(159, 2, 54.9, 109.8, 0.75, 1.5, DATE_SUB(NOW(), INTERVAL 31 DAY), DATE_SUB(NOW(), INTERVAL 31 DAY), 89, 16),
(160, 1, 29.9, 29.9, 0.32, 0.32, DATE_SUB(NOW(), INTERVAL 30 DAY), DATE_SUB(NOW(), INTERVAL 30 DAY), 90, 5),
(161, 1, 29.9, 29.9, 0.32, 0.32, DATE_SUB(NOW(), INTERVAL 30 DAY), DATE_SUB(NOW(), INTERVAL 30 DAY), 90, 7),
(162, 1, 29.9, 29.9, 0.32, 0.32, DATE_SUB(NOW(), INTERVAL 30 DAY), DATE_SUB(NOW(), INTERVAL 30 DAY), 90, 10),
(163, 2, 29.9, 59.8, 0.32, 0.64, DATE_SUB(NOW(), INTERVAL 29 DAY), DATE_SUB(NOW(), INTERVAL 29 DAY), 91, 7),
(164, 1, 29.9, 29.9, 0.32, 0.32, DATE_SUB(NOW(), INTERVAL 28 DAY), DATE_SUB(NOW(), INTERVAL 28 DAY), 92, 2),
(165, 2, 49.9, 99.8, 0.5, 1.0, DATE_SUB(NOW(), INTERVAL 27 DAY), DATE_SUB(NOW(), INTERVAL 27 DAY), 93, 19),
(166, 1, 27.9, 27.9, 0.15, 0.15, DATE_SUB(NOW(), INTERVAL 27 DAY), DATE_SUB(NOW(), INTERVAL 27 DAY), 93, 18),
(167, 1, 29.9, 29.9, 0.32, 0.32, DATE_SUB(NOW(), INTERVAL 26 DAY), DATE_SUB(NOW(), INTERVAL 26 DAY), 94, 2),
(168, 2, 44.9, 89.8, 0.34, 0.68, DATE_SUB(NOW(), INTERVAL 26 DAY), DATE_SUB(NOW(), INTERVAL 26 DAY), 94, 11),
(169, 1, 29.9, 29.9, 0.32, 0.32, DATE_SUB(NOW(), INTERVAL 25 DAY), DATE_SUB(NOW(), INTERVAL 25 DAY), 95, 2),
(170, 1, 34.9, 34.9, 0.12, 0.12, DATE_SUB(NOW(), INTERVAL 25 DAY), DATE_SUB(NOW(), INTERVAL 25 DAY), 95, 20),
(171, 1, 54.9, 54.9, 0.75, 0.75, DATE_SUB(NOW(), INTERVAL 25 DAY), DATE_SUB(NOW(), INTERVAL 25 DAY), 95, 16),
(172, 1, 39.9, 39.9, 0.18, 0.18, DATE_SUB(NOW(), INTERVAL 24 DAY), DATE_SUB(NOW(), INTERVAL 24 DAY), 96, 17),
(173, 1, 39.9, 39.9, 0.18, 0.18, DATE_SUB(NOW(), INTERVAL 23 DAY), DATE_SUB(NOW(), INTERVAL 23 DAY), 97, 17),
(174, 1, 29.9, 29.9, 0.32, 0.32, DATE_SUB(NOW(), INTERVAL 22 DAY), DATE_SUB(NOW(), INTERVAL 22 DAY), 98, 6),
(175, 1, 29.9, 29.9, 0.32, 0.32, DATE_SUB(NOW(), INTERVAL 22 DAY), DATE_SUB(NOW(), INTERVAL 22 DAY), 98, 2),
(176, 1, 39.9, 39.9, 0.18, 0.18, DATE_SUB(NOW(), INTERVAL 21 DAY), DATE_SUB(NOW(), INTERVAL 21 DAY), 99, 17),
(177, 2, 29.9, 59.8, 0.32, 0.64, DATE_SUB(NOW(), INTERVAL 21 DAY), DATE_SUB(NOW(), INTERVAL 21 DAY), 99, 3),
(178, 1, 29.9, 29.9, 0.32, 0.32, DATE_SUB(NOW(), INTERVAL 20 DAY), DATE_SUB(NOW(), INTERVAL 20 DAY), 100, 6),
(179, 1, 29.9, 29.9, 0.32, 0.32, DATE_SUB(NOW(), INTERVAL 20 DAY), DATE_SUB(NOW(), INTERVAL 20 DAY), 100, 3),
(180, 3, 49.9, 149.7, 0.5, 1.5, DATE_SUB(NOW(), INTERVAL 20 DAY), DATE_SUB(NOW(), INTERVAL 20 DAY), 100, 19),
(181, 1, 29.9, 29.9, 0.32, 0.32, DATE_SUB(NOW(), INTERVAL 19 DAY), DATE_SUB(NOW(), INTERVAL 19 DAY), 101, 8),
(182, 1, 59.9, 59.9, 0.2, 0.2, DATE_SUB(NOW(), INTERVAL 18 DAY), DATE_SUB(NOW(), INTERVAL 18 DAY), 102, 13),
(183, 1, 29.9, 29.9, 0.32, 0.32, DATE_SUB(NOW(), INTERVAL 17 DAY), DATE_SUB(NOW(), INTERVAL 17 DAY), 103, 4),
(184, 1, 49.9, 49.9, 0.5, 0.5, DATE_SUB(NOW(), INTERVAL 17 DAY), DATE_SUB(NOW(), INTERVAL 17 DAY), 103, 19),
(185, 2, 29.9, 59.8, 0.32, 0.64, DATE_SUB(NOW(), INTERVAL 16 DAY), DATE_SUB(NOW(), INTERVAL 16 DAY), 104, 8),
(186, 1, 49.9, 49.9, 0.5, 0.5, DATE_SUB(NOW(), INTERVAL 16 DAY), DATE_SUB(NOW(), INTERVAL 16 DAY), 104, 19),
(187, 1, 34.9, 34.9, 0.12, 0.12, DATE_SUB(NOW(), INTERVAL 15 DAY), DATE_SUB(NOW(), INTERVAL 15 DAY), 105, 20),
(188, 1, 29.9, 29.9, 0.32, 0.32, DATE_SUB(NOW(), INTERVAL 15 DAY), DATE_SUB(NOW(), INTERVAL 15 DAY), 105, 2),
(189, 1, 29.9, 29.9, 0.32, 0.32, DATE_SUB(NOW(), INTERVAL 15 DAY), DATE_SUB(NOW(), INTERVAL 15 DAY), 105, 3),
(190, 1, 69.9, 69.9, 0.24, 0.24, DATE_SUB(NOW(), INTERVAL 14 DAY), DATE_SUB(NOW(), INTERVAL 14 DAY), 106, 14),
(191, 2, 49.9, 99.8, 0.5, 1.0, DATE_SUB(NOW(), INTERVAL 13 DAY), DATE_SUB(NOW(), INTERVAL 13 DAY), 107, 19),
(192, 1, 49.9, 49.9, 0.5, 0.5, DATE_SUB(NOW(), INTERVAL 12 DAY), DATE_SUB(NOW(), INTERVAL 12 DAY), 108, 19),
(193, 1, 39.9, 39.9, 0.18, 0.18, DATE_SUB(NOW(), INTERVAL 12 DAY), DATE_SUB(NOW(), INTERVAL 12 DAY), 108, 17),
(194, 1, 44.9, 44.9, 0.34, 0.34, DATE_SUB(NOW(), INTERVAL 11 DAY), DATE_SUB(NOW(), INTERVAL 11 DAY), 109, 11),
(195, 1, 29.9, 29.9, 0.32, 0.32, DATE_SUB(NOW(), INTERVAL 11 DAY), DATE_SUB(NOW(), INTERVAL 11 DAY), 109, 9),
(196, 1, 29.9, 29.9, 0.32, 0.32, DATE_SUB(NOW(), INTERVAL 10 DAY), DATE_SUB(NOW(), INTERVAL 10 DAY), 110, 7),
(197, 1, 44.9, 44.9, 0.34, 0.34, DATE_SUB(NOW(), INTERVAL 10 DAY), DATE_SUB(NOW(), INTERVAL 10 DAY), 110, 11),
(198, 1, 29.9, 29.9, 0.32, 0.32, DATE_SUB(NOW(), INTERVAL 10 DAY), DATE_SUB(NOW(), INTERVAL 10 DAY), 110, 8),
(199, 1, 29.9, 29.9, 0.32, 0.32, DATE_SUB(NOW(), INTERVAL 9 DAY), DATE_SUB(NOW(), INTERVAL 9 DAY), 111, 9),
(200, 1, 59.9, 59.9, 0.2, 0.2, DATE_SUB(NOW(), INTERVAL 8 DAY), DATE_SUB(NOW(), INTERVAL 8 DAY), 112, 13),
(201, 1, 29.9, 29.9, 0.32, 0.32, DATE_SUB(NOW(), INTERVAL 7 DAY), DATE_SUB(NOW(), INTERVAL 7 DAY), 113, 5),
(202, 1, 29.9, 29.9, 0.32, 0.32, DATE_SUB(NOW(), INTERVAL 7 DAY), DATE_SUB(NOW(), INTERVAL 7 DAY), 113, 10),
(203, 1, 39.9, 39.9, 0.45, 0.45, DATE_SUB(NOW(), INTERVAL 6 DAY), DATE_SUB(NOW(), INTERVAL 6 DAY), 114, 15),
(204, 1, 44.9, 44.9, 0.34, 0.34, DATE_SUB(NOW(), INTERVAL 6 DAY), DATE_SUB(NOW(), INTERVAL 6 DAY), 114, 11),
(205, 1, 29.9, 29.9, 0.32, 0.32, DATE_SUB(NOW(), INTERVAL 5 DAY), DATE_SUB(NOW(), INTERVAL 5 DAY), 115, 3),
(206, 1, 29.9, 29.9, 0.32, 0.32, DATE_SUB(NOW(), INTERVAL 5 DAY), DATE_SUB(NOW(), INTERVAL 5 DAY), 115, 1),
(207, 1, 39.9, 39.9, 0.45, 0.45, DATE_SUB(NOW(), INTERVAL 5 DAY), DATE_SUB(NOW(), INTERVAL 5 DAY), 115, 15),
(208, 2, 34.9, 69.8, 0.12, 0.24, DATE_SUB(NOW(), INTERVAL 4 DAY), DATE_SUB(NOW(), INTERVAL 4 DAY), 116, 20),
(209, 2, 49.9, 99.8, 0.5, 1.0, DATE_SUB(NOW(), INTERVAL 3 DAY), DATE_SUB(NOW(), INTERVAL 3 DAY), 117, 19),
(210, 1, 29.9, 29.9, 0.32, 0.32, DATE_SUB(NOW(), INTERVAL 2 DAY), DATE_SUB(NOW(), INTERVAL 2 DAY), 118, 4),
(211, 1, 29.9, 29.9, 0.32, 0.32, DATE_SUB(NOW(), INTERVAL 2 DAY), DATE_SUB(NOW(), INTERVAL 2 DAY), 118, 3),
(212, 1, 27.9, 27.9, 0.15, 0.15, DATE_SUB(NOW(), INTERVAL 1 DAY), DATE_SUB(NOW(), INTERVAL 1 DAY), 119, 18),
(213, 2, 29.9, 59.8, 0.32, 0.64, DATE_SUB(NOW(), INTERVAL 1 DAY), DATE_SUB(NOW(), INTERVAL 1 DAY), 119, 7),
(214, 1, 39.9, 39.9, 0.18, 0.18, DATE_SUB(NOW(), INTERVAL 0 DAY), DATE_SUB(NOW(), INTERVAL 0 DAY), 120, 17),
(215, 1, 29.9, 29.9, 0.32, 0.32, DATE_SUB(NOW(), INTERVAL 0 DAY), DATE_SUB(NOW(), INTERVAL 0 DAY), 120, 9),
(216, 1, 29.9, 29.9, 0.32, 0.32, DATE_SUB(NOW(), INTERVAL 0 DAY), DATE_SUB(NOW(), INTERVAL 0 DAY), 120, 5);

INSERT IGNORE INTO movimentacao (id, tipo, descricao, valor, status_pagamento, data_vencimento, data_pagamento, status, created_at, updated_at, categoria_movimentacao_id, contraparte_id) VALUES
(1, 'Receita', 'Mercado Livre', 29.90, 'Pago', DATE(DATE_ADD(DATE_SUB(NOW(), INTERVAL 119 DAY), INTERVAL 3 DAY)), DATE_SUB(NOW(), INTERVAL 119 DAY), 1, DATE_SUB(NOW(), INTERVAL 119 DAY), DATE_SUB(NOW(), INTERVAL 119 DAY), 1, 2),
(2, 'Receita', 'Shopee', 39.90, 'Pago', DATE(DATE_ADD(DATE_SUB(NOW(), INTERVAL 118 DAY), INTERVAL 4 DAY)), DATE_SUB(NOW(), INTERVAL 118 DAY), 1, DATE_SUB(NOW(), INTERVAL 118 DAY), DATE_SUB(NOW(), INTERVAL 118 DAY), 1, 3),
(3, 'Receita', 'Mercado Livre', 84.80, 'Pago', DATE(DATE_ADD(DATE_SUB(NOW(), INTERVAL 117 DAY), INTERVAL 5 DAY)), DATE_SUB(NOW(), INTERVAL 117 DAY), 1, DATE_SUB(NOW(), INTERVAL 117 DAY), DATE_SUB(NOW(), INTERVAL 117 DAY), 1, 2),
(4, 'Receita', 'Shopee', 59.80, 'Pago', DATE(DATE_ADD(DATE_SUB(NOW(), INTERVAL 116 DAY), INTERVAL 6 DAY)), DATE_SUB(NOW(), INTERVAL 116 DAY), 1, DATE_SUB(NOW(), INTERVAL 116 DAY), DATE_SUB(NOW(), INTERVAL 116 DAY), 1, 3),
(5, 'Receita', 'Mercado Livre', 129.70, 'Pago', DATE(DATE_ADD(DATE_SUB(NOW(), INTERVAL 115 DAY), INTERVAL 2 DAY)), DATE_SUB(NOW(), INTERVAL 115 DAY), 1, DATE_SUB(NOW(), INTERVAL 115 DAY), DATE_SUB(NOW(), INTERVAL 115 DAY), 1, 2),
(6, 'Despesa', 'Sublimix Insumos', 420.00, 'Pago', DATE(DATE_ADD(DATE_SUB(NOW(), INTERVAL 114 DAY), INTERVAL 7 DAY)), DATE_SUB(NOW(), INTERVAL 113 DAY), 1, DATE_SUB(NOW(), INTERVAL 114 DAY), DATE_SUB(NOW(), INTERVAL 113 DAY), 2, 1),
(7, 'Despesa', 'Papel & Arte Cadernos', 510.00, 'Pago', DATE(DATE_ADD(DATE_SUB(NOW(), INTERVAL 113 DAY), INTERVAL 8 DAY)), DATE_SUB(NOW(), INTERVAL 112 DAY), 1, DATE_SUB(NOW(), INTERVAL 113 DAY), DATE_SUB(NOW(), INTERVAL 112 DAY), 2, 6),
(8, 'Despesa', 'Flash Entregas', 95.00, 'Pago', DATE(DATE_ADD(DATE_SUB(NOW(), INTERVAL 112 DAY), INTERVAL 5 DAY)), DATE_SUB(NOW(), INTERVAL 112 DAY), 1, DATE_SUB(NOW(), INTERVAL 112 DAY), DATE_SUB(NOW(), INTERVAL 112 DAY), 3, 5),
(9, 'Receita', 'Shopee', 74.80, 'Pago', DATE(DATE_ADD(DATE_SUB(NOW(), INTERVAL 111 DAY), INTERVAL 6 DAY)), DATE_SUB(NOW(), INTERVAL 111 DAY), 1, DATE_SUB(NOW(), INTERVAL 111 DAY), DATE_SUB(NOW(), INTERVAL 111 DAY), 1, 3),
(10, 'Receita', 'Mercado Livre', 125.60, 'Pago', DATE(DATE_ADD(DATE_SUB(NOW(), INTERVAL 110 DAY), INTERVAL 2 DAY)), DATE_SUB(NOW(), INTERVAL 110 DAY), 1, DATE_SUB(NOW(), INTERVAL 110 DAY), DATE_SUB(NOW(), INTERVAL 110 DAY), 1, 2),
(11, 'Receita', 'Shopee', 29.90, 'Pago', DATE(DATE_ADD(DATE_SUB(NOW(), INTERVAL 109 DAY), INTERVAL 3 DAY)), DATE_SUB(NOW(), INTERVAL 109 DAY), 1, DATE_SUB(NOW(), INTERVAL 109 DAY), DATE_SUB(NOW(), INTERVAL 109 DAY), 1, 3),
(12, 'Receita', 'Mercado Livre', 29.90, 'Pago', DATE(DATE_ADD(DATE_SUB(NOW(), INTERVAL 108 DAY), INTERVAL 4 DAY)), DATE_SUB(NOW(), INTERVAL 108 DAY), 1, DATE_SUB(NOW(), INTERVAL 108 DAY), DATE_SUB(NOW(), INTERVAL 108 DAY), 1, 2),
(13, 'Receita', 'Shopee', 57.80, 'Pago', DATE(DATE_ADD(DATE_SUB(NOW(), INTERVAL 107 DAY), INTERVAL 5 DAY)), DATE_SUB(NOW(), INTERVAL 107 DAY), 1, DATE_SUB(NOW(), INTERVAL 107 DAY), DATE_SUB(NOW(), INTERVAL 107 DAY), 1, 3),
(14, 'Receita', 'Mercado Livre', 74.80, 'Pago', DATE(DATE_ADD(DATE_SUB(NOW(), INTERVAL 106 DAY), INTERVAL 6 DAY)), DATE_SUB(NOW(), INTERVAL 106 DAY), 1, DATE_SUB(NOW(), INTERVAL 106 DAY), DATE_SUB(NOW(), INTERVAL 106 DAY), 1, 2),
(15, 'Receita', 'Shopee', 159.60, 'Pago', DATE(DATE_ADD(DATE_SUB(NOW(), INTERVAL 105 DAY), INTERVAL 2 DAY)), DATE_SUB(NOW(), INTERVAL 105 DAY), 1, DATE_SUB(NOW(), INTERVAL 105 DAY), DATE_SUB(NOW(), INTERVAL 105 DAY), 1, 3),
(16, 'Despesa', 'Sublimix Insumos', 460.00, 'Pago', DATE(DATE_ADD(DATE_SUB(NOW(), INTERVAL 104 DAY), INTERVAL 7 DAY)), DATE_SUB(NOW(), INTERVAL 103 DAY), 1, DATE_SUB(NOW(), INTERVAL 104 DAY), DATE_SUB(NOW(), INTERVAL 103 DAY), 2, 1),
(17, 'Despesa', 'Papel & Arte Cadernos', 380.00, 'Pago', DATE(DATE_ADD(DATE_SUB(NOW(), INTERVAL 103 DAY), INTERVAL 8 DAY)), DATE_SUB(NOW(), INTERVAL 102 DAY), 1, DATE_SUB(NOW(), INTERVAL 103 DAY), DATE_SUB(NOW(), INTERVAL 102 DAY), 2, 6),
(18, 'Despesa', 'Flash Entregas', 88.00, 'Pago', DATE(DATE_ADD(DATE_SUB(NOW(), INTERVAL 102 DAY), INTERVAL 5 DAY)), DATE_SUB(NOW(), INTERVAL 102 DAY), 1, DATE_SUB(NOW(), INTERVAL 102 DAY), DATE_SUB(NOW(), INTERVAL 102 DAY), 3, 5),
(19, 'Receita', 'Mercado Livre', 69.80, 'Pago', DATE(DATE_ADD(DATE_SUB(NOW(), INTERVAL 101 DAY), INTERVAL 6 DAY)), DATE_SUB(NOW(), INTERVAL 101 DAY), 1, DATE_SUB(NOW(), INTERVAL 101 DAY), DATE_SUB(NOW(), INTERVAL 101 DAY), 1, 2),
(20, 'Receita', 'Shopee', 99.70, 'Pago', DATE(DATE_ADD(DATE_SUB(NOW(), INTERVAL 100 DAY), INTERVAL 2 DAY)), DATE_SUB(NOW(), INTERVAL 100 DAY), 1, DATE_SUB(NOW(), INTERVAL 100 DAY), DATE_SUB(NOW(), INTERVAL 100 DAY), 1, 3),
(21, 'Receita', 'Mercado Livre', 34.90, 'Pago', DATE(DATE_ADD(DATE_SUB(NOW(), INTERVAL 99 DAY), INTERVAL 3 DAY)), DATE_SUB(NOW(), INTERVAL 99 DAY), 1, DATE_SUB(NOW(), INTERVAL 99 DAY), DATE_SUB(NOW(), INTERVAL 99 DAY), 1, 2),
(22, 'Receita', 'Shopee', 29.90, 'Pago', DATE(DATE_ADD(DATE_SUB(NOW(), INTERVAL 98 DAY), INTERVAL 4 DAY)), DATE_SUB(NOW(), INTERVAL 98 DAY), 1, DATE_SUB(NOW(), INTERVAL 98 DAY), DATE_SUB(NOW(), INTERVAL 98 DAY), 1, 3),
(23, 'Receita', 'Mercado Livre', 179.60, 'Pago', DATE(DATE_ADD(DATE_SUB(NOW(), INTERVAL 97 DAY), INTERVAL 5 DAY)), DATE_SUB(NOW(), INTERVAL 97 DAY), 1, DATE_SUB(NOW(), INTERVAL 97 DAY), DATE_SUB(NOW(), INTERVAL 97 DAY), 1, 2),
(24, 'Receita', 'Shopee', 85.70, 'Pago', DATE(DATE_ADD(DATE_SUB(NOW(), INTERVAL 96 DAY), INTERVAL 6 DAY)), DATE_SUB(NOW(), INTERVAL 96 DAY), 1, DATE_SUB(NOW(), INTERVAL 96 DAY), DATE_SUB(NOW(), INTERVAL 96 DAY), 1, 3),
(25, 'Receita', 'Mercado Livre', 154.60, 'Pago', DATE(DATE_ADD(DATE_SUB(NOW(), INTERVAL 95 DAY), INTERVAL 2 DAY)), DATE_SUB(NOW(), INTERVAL 95 DAY), 1, DATE_SUB(NOW(), INTERVAL 95 DAY), DATE_SUB(NOW(), INTERVAL 95 DAY), 1, 2),
(26, 'Despesa', 'Sublimix Insumos', 495.00, 'Pago', DATE(DATE_ADD(DATE_SUB(NOW(), INTERVAL 94 DAY), INTERVAL 7 DAY)), DATE_SUB(NOW(), INTERVAL 93 DAY), 1, DATE_SUB(NOW(), INTERVAL 94 DAY), DATE_SUB(NOW(), INTERVAL 93 DAY), 2, 1),
(27, 'Despesa', 'Papel & Arte Cadernos', 545.00, 'Pago', DATE(DATE_ADD(DATE_SUB(NOW(), INTERVAL 93 DAY), INTERVAL 8 DAY)), DATE_SUB(NOW(), INTERVAL 92 DAY), 1, DATE_SUB(NOW(), INTERVAL 93 DAY), DATE_SUB(NOW(), INTERVAL 92 DAY), 2, 6),
(28, 'Despesa', 'Flash Entregas', 92.00, 'Pago', DATE(DATE_ADD(DATE_SUB(NOW(), INTERVAL 92 DAY), INTERVAL 5 DAY)), DATE_SUB(NOW(), INTERVAL 92 DAY), 1, DATE_SUB(NOW(), INTERVAL 92 DAY), DATE_SUB(NOW(), INTERVAL 92 DAY), 3, 5),
(29, 'Receita', 'Shopee', 59.80, 'Pago', DATE(DATE_ADD(DATE_SUB(NOW(), INTERVAL 91 DAY), INTERVAL 6 DAY)), DATE_SUB(NOW(), INTERVAL 91 DAY), 1, DATE_SUB(NOW(), INTERVAL 91 DAY), DATE_SUB(NOW(), INTERVAL 91 DAY), 1, 3),
(30, 'Receita', 'Mercado Livre', 89.70, 'Pago', DATE(DATE_ADD(DATE_SUB(NOW(), INTERVAL 90 DAY), INTERVAL 2 DAY)), DATE_SUB(NOW(), INTERVAL 90 DAY), 1, DATE_SUB(NOW(), INTERVAL 90 DAY), DATE_SUB(NOW(), INTERVAL 90 DAY), 1, 2),
(31, 'Receita', 'Shopee', 59.80, 'Pago', DATE(DATE_ADD(DATE_SUB(NOW(), INTERVAL 89 DAY), INTERVAL 3 DAY)), DATE_SUB(NOW(), INTERVAL 89 DAY), 1, DATE_SUB(NOW(), INTERVAL 89 DAY), DATE_SUB(NOW(), INTERVAL 89 DAY), 1, 3),
(32, 'Receita', 'Mercado Livre', 54.90, 'Pago', DATE(DATE_ADD(DATE_SUB(NOW(), INTERVAL 88 DAY), INTERVAL 4 DAY)), DATE_SUB(NOW(), INTERVAL 88 DAY), 1, DATE_SUB(NOW(), INTERVAL 88 DAY), DATE_SUB(NOW(), INTERVAL 88 DAY), 1, 2),
(33, 'Receita', 'Shopee', 85.70, 'Pago', DATE(DATE_ADD(DATE_SUB(NOW(), INTERVAL 87 DAY), INTERVAL 5 DAY)), DATE_SUB(NOW(), INTERVAL 87 DAY), 1, DATE_SUB(NOW(), INTERVAL 87 DAY), DATE_SUB(NOW(), INTERVAL 87 DAY), 1, 3),
(34, 'Receita', 'Mercado Livre', 64.80, 'Pago', DATE(DATE_ADD(DATE_SUB(NOW(), INTERVAL 86 DAY), INTERVAL 6 DAY)), DATE_SUB(NOW(), INTERVAL 86 DAY), 1, DATE_SUB(NOW(), INTERVAL 86 DAY), DATE_SUB(NOW(), INTERVAL 86 DAY), 1, 2),
(35, 'Receita', 'Shopee', 167.60, 'Pago', DATE(DATE_ADD(DATE_SUB(NOW(), INTERVAL 85 DAY), INTERVAL 2 DAY)), DATE_SUB(NOW(), INTERVAL 85 DAY), 1, DATE_SUB(NOW(), INTERVAL 85 DAY), DATE_SUB(NOW(), INTERVAL 85 DAY), 1, 3),
(36, 'Despesa', 'Sublimix Insumos', 430.00, 'Pago', DATE(DATE_ADD(DATE_SUB(NOW(), INTERVAL 84 DAY), INTERVAL 7 DAY)), DATE_SUB(NOW(), INTERVAL 83 DAY), 1, DATE_SUB(NOW(), INTERVAL 84 DAY), DATE_SUB(NOW(), INTERVAL 83 DAY), 2, 1),
(37, 'Despesa', 'Papel & Arte Cadernos', 470.00, 'Pago', DATE(DATE_ADD(DATE_SUB(NOW(), INTERVAL 83 DAY), INTERVAL 8 DAY)), DATE_SUB(NOW(), INTERVAL 82 DAY), 1, DATE_SUB(NOW(), INTERVAL 83 DAY), DATE_SUB(NOW(), INTERVAL 82 DAY), 2, 6),
(38, 'Despesa', 'Flash Entregas', 97.00, 'Pago', DATE(DATE_ADD(DATE_SUB(NOW(), INTERVAL 82 DAY), INTERVAL 5 DAY)), DATE_SUB(NOW(), INTERVAL 82 DAY), 1, DATE_SUB(NOW(), INTERVAL 82 DAY), DATE_SUB(NOW(), INTERVAL 82 DAY), 3, 5),
(39, 'Receita', 'Mercado Livre', 57.80, 'Pago', DATE(DATE_ADD(DATE_SUB(NOW(), INTERVAL 81 DAY), INTERVAL 6 DAY)), DATE_SUB(NOW(), INTERVAL 81 DAY), 1, DATE_SUB(NOW(), INTERVAL 81 DAY), DATE_SUB(NOW(), INTERVAL 81 DAY), 1, 2),
(40, 'Receita', 'Shopee', 119.70, 'Pago', DATE(DATE_ADD(DATE_SUB(NOW(), INTERVAL 80 DAY), INTERVAL 2 DAY)), DATE_SUB(NOW(), INTERVAL 80 DAY), 1, DATE_SUB(NOW(), INTERVAL 80 DAY), DATE_SUB(NOW(), INTERVAL 80 DAY), 1, 3),
(41, 'Receita', 'Mercado Livre', 59.90, 'Pago', DATE(DATE_ADD(DATE_SUB(NOW(), INTERVAL 79 DAY), INTERVAL 3 DAY)), DATE_SUB(NOW(), INTERVAL 79 DAY), 1, DATE_SUB(NOW(), INTERVAL 79 DAY), DATE_SUB(NOW(), INTERVAL 79 DAY), 1, 2),
(42, 'Receita', 'Shopee', 39.90, 'Pago', DATE(DATE_ADD(DATE_SUB(NOW(), INTERVAL 78 DAY), INTERVAL 4 DAY)), DATE_SUB(NOW(), INTERVAL 78 DAY), 1, DATE_SUB(NOW(), INTERVAL 78 DAY), DATE_SUB(NOW(), INTERVAL 78 DAY), 1, 3),
(43, 'Receita', 'Mercado Livre', 79.80, 'Pago', DATE(DATE_ADD(DATE_SUB(NOW(), INTERVAL 77 DAY), INTERVAL 5 DAY)), DATE_SUB(NOW(), INTERVAL 77 DAY), 1, DATE_SUB(NOW(), INTERVAL 77 DAY), DATE_SUB(NOW(), INTERVAL 77 DAY), 1, 2),
(44, 'Receita', 'Shopee', 59.80, 'Pago', DATE(DATE_ADD(DATE_SUB(NOW(), INTERVAL 76 DAY), INTERVAL 6 DAY)), DATE_SUB(NOW(), INTERVAL 76 DAY), 1, DATE_SUB(NOW(), INTERVAL 76 DAY), DATE_SUB(NOW(), INTERVAL 76 DAY), 1, 3),
(45, 'Receita', 'Mercado Livre', 149.60, 'Pago', DATE(DATE_ADD(DATE_SUB(NOW(), INTERVAL 75 DAY), INTERVAL 2 DAY)), DATE_SUB(NOW(), INTERVAL 75 DAY), 1, DATE_SUB(NOW(), INTERVAL 75 DAY), DATE_SUB(NOW(), INTERVAL 75 DAY), 1, 2),
(46, 'Despesa', 'Sublimix Insumos', 520.00, 'Pendente', DATE(DATE_ADD(DATE_SUB(NOW(), INTERVAL 74 DAY), INTERVAL 7 DAY)), NULL, 1, DATE_SUB(NOW(), INTERVAL 74 DAY), DATE_SUB(NOW(), INTERVAL 74 DAY), 2, 1),
(47, 'Despesa', 'Papel & Arte Cadernos', 610.00, 'Pendente', DATE(DATE_ADD(DATE_SUB(NOW(), INTERVAL 73 DAY), INTERVAL 8 DAY)), NULL, 1, DATE_SUB(NOW(), INTERVAL 73 DAY), DATE_SUB(NOW(), INTERVAL 73 DAY), 2, 6),
(48, 'Despesa', 'Flash Entregas', 102.00, 'Pendente', DATE(DATE_ADD(DATE_SUB(NOW(), INTERVAL 72 DAY), INTERVAL 5 DAY)), NULL, 1, DATE_SUB(NOW(), INTERVAL 72 DAY), DATE_SUB(NOW(), INTERVAL 72 DAY), 3, 5),
(49, 'Receita', 'Shopee', 87.70, 'Pago', DATE(DATE_ADD(DATE_SUB(NOW(), INTERVAL 71 DAY), INTERVAL 6 DAY)), DATE_SUB(NOW(), INTERVAL 71 DAY), 1, DATE_SUB(NOW(), INTERVAL 71 DAY), DATE_SUB(NOW(), INTERVAL 71 DAY), 1, 3),
(50, 'Receita', 'Mercado Livre', 119.60, 'Pago', DATE(DATE_ADD(DATE_SUB(NOW(), INTERVAL 70 DAY), INTERVAL 2 DAY)), DATE_SUB(NOW(), INTERVAL 70 DAY), 1, DATE_SUB(NOW(), INTERVAL 70 DAY), DATE_SUB(NOW(), INTERVAL 70 DAY), 1, 2),
(51, 'Receita', 'Shopee', 69.80, 'Pago', DATE(DATE_ADD(DATE_SUB(NOW(), INTERVAL 69 DAY), INTERVAL 3 DAY)), DATE_SUB(NOW(), INTERVAL 69 DAY), 1, DATE_SUB(NOW(), INTERVAL 69 DAY), DATE_SUB(NOW(), INTERVAL 69 DAY), 1, 3),
(52, 'Receita', 'Mercado Livre', 144.60, 'Pago', DATE(DATE_ADD(DATE_SUB(NOW(), INTERVAL 68 DAY), INTERVAL 4 DAY)), DATE_SUB(NOW(), INTERVAL 68 DAY), 1, DATE_SUB(NOW(), INTERVAL 68 DAY), DATE_SUB(NOW(), INTERVAL 68 DAY), 1, 2),
(53, 'Receita', 'Shopee', 59.80, 'Pago', DATE(DATE_ADD(DATE_SUB(NOW(), INTERVAL 67 DAY), INTERVAL 5 DAY)), DATE_SUB(NOW(), INTERVAL 67 DAY), 1, DATE_SUB(NOW(), INTERVAL 67 DAY), DATE_SUB(NOW(), INTERVAL 67 DAY), 1, 3),
(54, 'Receita', 'Mercado Livre', 27.90, 'Pago', DATE(DATE_ADD(DATE_SUB(NOW(), INTERVAL 66 DAY), INTERVAL 6 DAY)), DATE_SUB(NOW(), INTERVAL 66 DAY), 1, DATE_SUB(NOW(), INTERVAL 66 DAY), DATE_SUB(NOW(), INTERVAL 66 DAY), 1, 2),
(55, 'Receita', 'Shopee', 159.60, 'Pago', DATE(DATE_ADD(DATE_SUB(NOW(), INTERVAL 65 DAY), INTERVAL 2 DAY)), DATE_SUB(NOW(), INTERVAL 65 DAY), 1, DATE_SUB(NOW(), INTERVAL 65 DAY), DATE_SUB(NOW(), INTERVAL 65 DAY), 1, 3),
(56, 'Despesa', 'Sublimix Insumos', 540.00, 'Pendente', DATE(DATE_ADD(DATE_SUB(NOW(), INTERVAL 64 DAY), INTERVAL 7 DAY)), NULL, 1, DATE_SUB(NOW(), INTERVAL 64 DAY), DATE_SUB(NOW(), INTERVAL 64 DAY), 2, 1),
(57, 'Despesa', 'Papel & Arte Cadernos', 625.00, 'Pendente', DATE(DATE_ADD(DATE_SUB(NOW(), INTERVAL 63 DAY), INTERVAL 8 DAY)), NULL, 1, DATE_SUB(NOW(), INTERVAL 63 DAY), DATE_SUB(NOW(), INTERVAL 63 DAY), 2, 6),
(58, 'Despesa', 'Flash Entregas', 110.00, 'Pendente', DATE(DATE_ADD(DATE_SUB(NOW(), INTERVAL 62 DAY), INTERVAL 5 DAY)), NULL, 1, DATE_SUB(NOW(), INTERVAL 62 DAY), DATE_SUB(NOW(), INTERVAL 62 DAY), 3, 5),
(59, 'Receita', 'Mercado Livre', 104.80, 'Pago', DATE(DATE_ADD(DATE_SUB(NOW(), INTERVAL 61 DAY), INTERVAL 6 DAY)), DATE_SUB(NOW(), INTERVAL 61 DAY), 1, DATE_SUB(NOW(), INTERVAL 61 DAY), DATE_SUB(NOW(), INTERVAL 61 DAY), 1, 2),
(60, 'Receita', 'Shopee', 184.60, 'Pago', DATE(DATE_ADD(DATE_SUB(NOW(), INTERVAL 60 DAY), INTERVAL 2 DAY)), DATE_SUB(NOW(), INTERVAL 60 DAY), 1, DATE_SUB(NOW(), INTERVAL 60 DAY), DATE_SUB(NOW(), INTERVAL 60 DAY), 1, 3),
(61, 'Receita', 'Mercado Livre', 129.80, 'Pago', DATE(DATE_ADD(DATE_SUB(NOW(), INTERVAL 59 DAY), INTERVAL 3 DAY)), DATE_SUB(NOW(), INTERVAL 59 DAY), 1, DATE_SUB(NOW(), INTERVAL 59 DAY), DATE_SUB(NOW(), INTERVAL 59 DAY), 1, 2),
(62, 'Receita', 'Shopee', 139.70, 'Pago', DATE(DATE_ADD(DATE_SUB(NOW(), INTERVAL 58 DAY), INTERVAL 4 DAY)), DATE_SUB(NOW(), INTERVAL 58 DAY), 1, DATE_SUB(NOW(), INTERVAL 58 DAY), DATE_SUB(NOW(), INTERVAL 58 DAY), 1, 3),
(63, 'Receita', 'Mercado Livre', 59.80, 'Pago', DATE(DATE_ADD(DATE_SUB(NOW(), INTERVAL 57 DAY), INTERVAL 5 DAY)), DATE_SUB(NOW(), INTERVAL 57 DAY), 1, DATE_SUB(NOW(), INTERVAL 57 DAY), DATE_SUB(NOW(), INTERVAL 57 DAY), 1, 2),
(64, 'Receita', 'Shopee', 29.90, 'Pago', DATE(DATE_ADD(DATE_SUB(NOW(), INTERVAL 56 DAY), INTERVAL 6 DAY)), DATE_SUB(NOW(), INTERVAL 56 DAY), 1, DATE_SUB(NOW(), INTERVAL 56 DAY), DATE_SUB(NOW(), INTERVAL 56 DAY), 1, 3),
(65, 'Receita', 'Mercado Livre', 104.80, 'Pago', DATE(DATE_ADD(DATE_SUB(NOW(), INTERVAL 55 DAY), INTERVAL 2 DAY)), DATE_SUB(NOW(), INTERVAL 55 DAY), 1, DATE_SUB(NOW(), INTERVAL 55 DAY), DATE_SUB(NOW(), INTERVAL 55 DAY), 1, 2),
(66, 'Despesa', 'Sublimix Insumos', 560.00, 'Pendente', DATE(DATE_ADD(DATE_SUB(NOW(), INTERVAL 54 DAY), INTERVAL 7 DAY)), NULL, 1, DATE_SUB(NOW(), INTERVAL 54 DAY), DATE_SUB(NOW(), INTERVAL 54 DAY), 2, 1),
(67, 'Despesa', 'Papel & Arte Cadernos', 645.00, 'Pendente', DATE(DATE_ADD(DATE_SUB(NOW(), INTERVAL 53 DAY), INTERVAL 8 DAY)), NULL, 1, DATE_SUB(NOW(), INTERVAL 53 DAY), DATE_SUB(NOW(), INTERVAL 53 DAY), 2, 6),
(68, 'Despesa', 'Flash Entregas', 118.00, 'Pendente', DATE(DATE_ADD(DATE_SUB(NOW(), INTERVAL 52 DAY), INTERVAL 5 DAY)), NULL, 1, DATE_SUB(NOW(), INTERVAL 52 DAY), DATE_SUB(NOW(), INTERVAL 52 DAY), 3, 5),
(69, 'Receita', 'Shopee', 89.70, 'Pago', DATE(DATE_ADD(DATE_SUB(NOW(), INTERVAL 51 DAY), INTERVAL 6 DAY)), DATE_SUB(NOW(), INTERVAL 51 DAY), 1, DATE_SUB(NOW(), INTERVAL 51 DAY), DATE_SUB(NOW(), INTERVAL 51 DAY), 1, 3),
(70, 'Receita', 'Mercado Livre', 122.60, 'Pago', DATE(DATE_ADD(DATE_SUB(NOW(), INTERVAL 50 DAY), INTERVAL 2 DAY)), DATE_SUB(NOW(), INTERVAL 50 DAY), 1, DATE_SUB(NOW(), INTERVAL 50 DAY), DATE_SUB(NOW(), INTERVAL 50 DAY), 1, 2),
(71, 'Receita', 'Shopee', 39.90, 'Pago', DATE(DATE_ADD(DATE_SUB(NOW(), INTERVAL 49 DAY), INTERVAL 3 DAY)), DATE_SUB(NOW(), INTERVAL 49 DAY), 1, DATE_SUB(NOW(), INTERVAL 49 DAY), DATE_SUB(NOW(), INTERVAL 49 DAY), 1, 3),
(72, 'Receita', 'Mercado Livre', 59.80, 'Pago', DATE(DATE_ADD(DATE_SUB(NOW(), INTERVAL 48 DAY), INTERVAL 4 DAY)), DATE_SUB(NOW(), INTERVAL 48 DAY), 1, DATE_SUB(NOW(), INTERVAL 48 DAY), DATE_SUB(NOW(), INTERVAL 48 DAY), 1, 2),
(73, 'Receita', 'Shopee', 99.80, 'Pago', DATE(DATE_ADD(DATE_SUB(NOW(), INTERVAL 47 DAY), INTERVAL 5 DAY)), DATE_SUB(NOW(), INTERVAL 47 DAY), 1, DATE_SUB(NOW(), INTERVAL 47 DAY), DATE_SUB(NOW(), INTERVAL 47 DAY), 1, 3),
(74, 'Receita', 'Mercado Livre', 69.80, 'Pago', DATE(DATE_ADD(DATE_SUB(NOW(), INTERVAL 46 DAY), INTERVAL 6 DAY)), DATE_SUB(NOW(), INTERVAL 46 DAY), 1, DATE_SUB(NOW(), INTERVAL 46 DAY), DATE_SUB(NOW(), INTERVAL 46 DAY), 1, 2),
(75, 'Receita', 'Shopee', 99.70, 'Pago', DATE(DATE_ADD(DATE_SUB(NOW(), INTERVAL 45 DAY), INTERVAL 2 DAY)), DATE_SUB(NOW(), INTERVAL 45 DAY), 1, DATE_SUB(NOW(), INTERVAL 45 DAY), DATE_SUB(NOW(), INTERVAL 45 DAY), 1, 3),
(76, 'Despesa', 'Sublimix Insumos', 575.00, 'Pendente', DATE(DATE_ADD(DATE_SUB(NOW(), INTERVAL 44 DAY), INTERVAL 7 DAY)), NULL, 1, DATE_SUB(NOW(), INTERVAL 44 DAY), DATE_SUB(NOW(), INTERVAL 44 DAY), 2, 1),
(77, 'Despesa', 'Papel & Arte Cadernos', 660.00, 'Pendente', DATE(DATE_ADD(DATE_SUB(NOW(), INTERVAL 43 DAY), INTERVAL 8 DAY)), NULL, 1, DATE_SUB(NOW(), INTERVAL 43 DAY), DATE_SUB(NOW(), INTERVAL 43 DAY), 2, 6),
(78, 'Despesa', 'Flash Entregas', 121.00, 'Pendente', DATE(DATE_ADD(DATE_SUB(NOW(), INTERVAL 42 DAY), INTERVAL 5 DAY)), NULL, 1, DATE_SUB(NOW(), INTERVAL 42 DAY), DATE_SUB(NOW(), INTERVAL 42 DAY), 3, 5),
(79, 'Receita', 'Mercado Livre', 57.80, 'Pago', DATE(DATE_ADD(DATE_SUB(NOW(), INTERVAL 41 DAY), INTERVAL 6 DAY)), DATE_SUB(NOW(), INTERVAL 41 DAY), 1, DATE_SUB(NOW(), INTERVAL 41 DAY), DATE_SUB(NOW(), INTERVAL 41 DAY), 1, 2),
(80, 'Receita', 'Shopee', 129.70, 'Pago', DATE(DATE_ADD(DATE_SUB(NOW(), INTERVAL 40 DAY), INTERVAL 2 DAY)), DATE_SUB(NOW(), INTERVAL 40 DAY), 1, DATE_SUB(NOW(), INTERVAL 40 DAY), DATE_SUB(NOW(), INTERVAL 40 DAY), 1, 3),
(81, 'Receita', 'Mercado Livre', 109.80, 'Pago', DATE(DATE_ADD(DATE_SUB(NOW(), INTERVAL 39 DAY), INTERVAL 3 DAY)), DATE_SUB(NOW(), INTERVAL 39 DAY), 1, DATE_SUB(NOW(), INTERVAL 39 DAY), DATE_SUB(NOW(), INTERVAL 39 DAY), 1, 2),
(82, 'Receita', 'Shopee', 219.50, 'Pago', DATE(DATE_ADD(DATE_SUB(NOW(), INTERVAL 38 DAY), INTERVAL 4 DAY)), DATE_SUB(NOW(), INTERVAL 38 DAY), 1, DATE_SUB(NOW(), INTERVAL 38 DAY), DATE_SUB(NOW(), INTERVAL 38 DAY), 1, 3),
(83, 'Receita', 'Mercado Livre', 29.90, 'Pago', DATE(DATE_ADD(DATE_SUB(NOW(), INTERVAL 37 DAY), INTERVAL 5 DAY)), DATE_SUB(NOW(), INTERVAL 37 DAY), 1, DATE_SUB(NOW(), INTERVAL 37 DAY), DATE_SUB(NOW(), INTERVAL 37 DAY), 1, 2),
(84, 'Receita', 'Shopee', 79.80, 'Pago', DATE(DATE_ADD(DATE_SUB(NOW(), INTERVAL 36 DAY), INTERVAL 6 DAY)), DATE_SUB(NOW(), INTERVAL 36 DAY), 1, DATE_SUB(NOW(), INTERVAL 36 DAY), DATE_SUB(NOW(), INTERVAL 36 DAY), 1, 3),
(85, 'Receita', 'Mercado Livre', 199.60, 'Pago', DATE(DATE_ADD(DATE_SUB(NOW(), INTERVAL 35 DAY), INTERVAL 2 DAY)), DATE_SUB(NOW(), INTERVAL 35 DAY), 1, DATE_SUB(NOW(), INTERVAL 35 DAY), DATE_SUB(NOW(), INTERVAL 35 DAY), 1, 2),
(86, 'Despesa', 'Sublimix Insumos', 590.00, 'Pendente', DATE(DATE_ADD(DATE_SUB(NOW(), INTERVAL 34 DAY), INTERVAL 7 DAY)), NULL, 1, DATE_SUB(NOW(), INTERVAL 34 DAY), DATE_SUB(NOW(), INTERVAL 34 DAY), 2, 1),
(87, 'Despesa', 'Papel & Arte Cadernos', 675.00, 'Pendente', DATE(DATE_ADD(DATE_SUB(NOW(), INTERVAL 33 DAY), INTERVAL 8 DAY)), NULL, 1, DATE_SUB(NOW(), INTERVAL 33 DAY), DATE_SUB(NOW(), INTERVAL 33 DAY), 2, 6),
(88, 'Despesa', 'Flash Entregas', 124.00, 'Pendente', DATE(DATE_ADD(DATE_SUB(NOW(), INTERVAL 32 DAY), INTERVAL 5 DAY)), NULL, 1, DATE_SUB(NOW(), INTERVAL 32 DAY), DATE_SUB(NOW(), INTERVAL 32 DAY), 3, 5),
(89, 'Receita', 'Shopee', 137.70, 'Pago', DATE(DATE_ADD(DATE_SUB(NOW(), INTERVAL 31 DAY), INTERVAL 6 DAY)), DATE_SUB(NOW(), INTERVAL 31 DAY), 1, DATE_SUB(NOW(), INTERVAL 31 DAY), DATE_SUB(NOW(), INTERVAL 31 DAY), 1, 3),
(90, 'Receita', 'Mercado Livre', 89.70, 'Pago', DATE(DATE_ADD(DATE_SUB(NOW(), INTERVAL 30 DAY), INTERVAL 2 DAY)), DATE_SUB(NOW(), INTERVAL 30 DAY), 1, DATE_SUB(NOW(), INTERVAL 30 DAY), DATE_SUB(NOW(), INTERVAL 30 DAY), 1, 2),
(91, 'Receita', 'Shopee', 59.80, 'Pago', DATE(DATE_ADD(DATE_SUB(NOW(), INTERVAL 29 DAY), INTERVAL 3 DAY)), DATE_SUB(NOW(), INTERVAL 29 DAY), 1, DATE_SUB(NOW(), INTERVAL 29 DAY), DATE_SUB(NOW(), INTERVAL 29 DAY), 1, 3),
(92, 'Receita', 'Mercado Livre', 127.70, 'Pago', DATE(DATE_ADD(DATE_SUB(NOW(), INTERVAL 28 DAY), INTERVAL 4 DAY)), DATE_SUB(NOW(), INTERVAL 28 DAY), 1, DATE_SUB(NOW(), INTERVAL 28 DAY), DATE_SUB(NOW(), INTERVAL 28 DAY), 1, 2),
(93, 'Receita', 'Shopee', 119.70, 'Pago', DATE(DATE_ADD(DATE_SUB(NOW(), INTERVAL 27 DAY), INTERVAL 5 DAY)), DATE_SUB(NOW(), INTERVAL 27 DAY), 1, DATE_SUB(NOW(), INTERVAL 27 DAY), DATE_SUB(NOW(), INTERVAL 27 DAY), 1, 3),
(94, 'Receita', 'Mercado Livre', 119.70, 'Pago', DATE(DATE_ADD(DATE_SUB(NOW(), INTERVAL 26 DAY), INTERVAL 6 DAY)), DATE_SUB(NOW(), INTERVAL 26 DAY), 1, DATE_SUB(NOW(), INTERVAL 26 DAY), DATE_SUB(NOW(), INTERVAL 26 DAY), 1, 2),
(95, 'Receita', 'Shopee', 39.90, 'Pago', DATE(DATE_ADD(DATE_SUB(NOW(), INTERVAL 25 DAY), INTERVAL 2 DAY)), DATE_SUB(NOW(), INTERVAL 25 DAY), 1, DATE_SUB(NOW(), INTERVAL 25 DAY), DATE_SUB(NOW(), INTERVAL 25 DAY), 1, 3),
(96, 'Despesa', 'Sublimix Insumos', 610.00, 'Pendente', DATE(DATE_ADD(DATE_SUB(NOW(), INTERVAL 24 DAY), INTERVAL 7 DAY)), NULL, 1, DATE_SUB(NOW(), INTERVAL 24 DAY), DATE_SUB(NOW(), INTERVAL 24 DAY), 2, 1),
(97, 'Despesa', 'Papel & Arte Cadernos', 695.00, 'Pendente', DATE(DATE_ADD(DATE_SUB(NOW(), INTERVAL 23 DAY), INTERVAL 8 DAY)), NULL, 1, DATE_SUB(NOW(), INTERVAL 23 DAY), DATE_SUB(NOW(), INTERVAL 23 DAY), 2, 6),
(98, 'Despesa', 'Flash Entregas', 128.00, 'Pendente', DATE(DATE_ADD(DATE_SUB(NOW(), INTERVAL 22 DAY), INTERVAL 5 DAY)), NULL, 1, DATE_SUB(NOW(), INTERVAL 22 DAY), DATE_SUB(NOW(), INTERVAL 22 DAY), 3, 5),
(99, 'Receita', 'Mercado Livre', 39.90, 'Pago', DATE(DATE_ADD(DATE_SUB(NOW(), INTERVAL 21 DAY), INTERVAL 6 DAY)), DATE_SUB(NOW(), INTERVAL 21 DAY), 1, DATE_SUB(NOW(), INTERVAL 21 DAY), DATE_SUB(NOW(), INTERVAL 21 DAY), 1, 2),
(100, 'Receita', 'Shopee', 209.50, 'Pago', DATE(DATE_ADD(DATE_SUB(NOW(), INTERVAL 20 DAY), INTERVAL 2 DAY)), DATE_SUB(NOW(), INTERVAL 20 DAY), 1, DATE_SUB(NOW(), INTERVAL 20 DAY), DATE_SUB(NOW(), INTERVAL 20 DAY), 1, 3),
(101, 'Receita', 'Mercado Livre', 29.90, 'Pago', DATE(DATE_ADD(DATE_SUB(NOW(), INTERVAL 19 DAY), INTERVAL 3 DAY)), DATE_SUB(NOW(), INTERVAL 19 DAY), 1, DATE_SUB(NOW(), INTERVAL 19 DAY), DATE_SUB(NOW(), INTERVAL 19 DAY), 1, 2),
(102, 'Receita', 'Shopee', 59.90, 'Pago', DATE(DATE_ADD(DATE_SUB(NOW(), INTERVAL 18 DAY), INTERVAL 4 DAY)), DATE_SUB(NOW(), INTERVAL 18 DAY), 1, DATE_SUB(NOW(), INTERVAL 18 DAY), DATE_SUB(NOW(), INTERVAL 18 DAY), 1, 3),
(103, 'Receita', 'Mercado Livre', 79.80, 'Pago', DATE(DATE_ADD(DATE_SUB(NOW(), INTERVAL 17 DAY), INTERVAL 5 DAY)), DATE_SUB(NOW(), INTERVAL 17 DAY), 1, DATE_SUB(NOW(), INTERVAL 17 DAY), DATE_SUB(NOW(), INTERVAL 17 DAY), 1, 2),
(104, 'Receita', 'Shopee', 109.70, 'Pago', DATE(DATE_ADD(DATE_SUB(NOW(), INTERVAL 16 DAY), INTERVAL 6 DAY)), DATE_SUB(NOW(), INTERVAL 16 DAY), 1, DATE_SUB(NOW(), INTERVAL 16 DAY), DATE_SUB(NOW(), INTERVAL 16 DAY), 1, 3),
(105, 'Receita', 'Mercado Livre', 94.70, 'Pago', DATE(DATE_ADD(DATE_SUB(NOW(), INTERVAL 15 DAY), INTERVAL 2 DAY)), DATE_SUB(NOW(), INTERVAL 15 DAY), 1, DATE_SUB(NOW(), INTERVAL 15 DAY), DATE_SUB(NOW(), INTERVAL 15 DAY), 1, 2),
(106, 'Despesa', 'Sublimix Insumos', 630.00, 'Pendente', DATE(DATE_ADD(DATE_SUB(NOW(), INTERVAL 14 DAY), INTERVAL 7 DAY)), NULL, 1, DATE_SUB(NOW(), INTERVAL 14 DAY), DATE_SUB(NOW(), INTERVAL 14 DAY), 2, 1),
(107, 'Despesa', 'Papel & Arte Cadernos', 720.00, 'Pendente', DATE(DATE_ADD(DATE_SUB(NOW(), INTERVAL 13 DAY), INTERVAL 8 DAY)), NULL, 1, DATE_SUB(NOW(), INTERVAL 13 DAY), DATE_SUB(NOW(), INTERVAL 13 DAY), 2, 6),
(108, 'Despesa', 'Flash Entregas', 135.00, 'Pendente', DATE(DATE_ADD(DATE_SUB(NOW(), INTERVAL 12 DAY), INTERVAL 5 DAY)), NULL, 1, DATE_SUB(NOW(), INTERVAL 12 DAY), DATE_SUB(NOW(), INTERVAL 12 DAY), 3, 5),
(109, 'Receita', 'Shopee', 89.80, 'Pago', DATE(DATE_ADD(DATE_SUB(NOW(), INTERVAL 11 DAY), INTERVAL 6 DAY)), DATE_SUB(NOW(), INTERVAL 11 DAY), 1, DATE_SUB(NOW(), INTERVAL 11 DAY), DATE_SUB(NOW(), INTERVAL 11 DAY), 1, 3),
(110, 'Receita', 'Mercado Livre', 104.70, 'Pago', DATE(DATE_ADD(DATE_SUB(NOW(), INTERVAL 10 DAY), INTERVAL 2 DAY)), DATE_SUB(NOW(), INTERVAL 10 DAY), 1, DATE_SUB(NOW(), INTERVAL 10 DAY), DATE_SUB(NOW(), INTERVAL 10 DAY), 1, 2),
(111, 'Receita', 'Shopee', 29.90, 'Pago', DATE(DATE_ADD(DATE_SUB(NOW(), INTERVAL 9 DAY), INTERVAL 3 DAY)), DATE_SUB(NOW(), INTERVAL 9 DAY), 1, DATE_SUB(NOW(), INTERVAL 9 DAY), DATE_SUB(NOW(), INTERVAL 9 DAY), 1, 3),
(112, 'Receita', 'Mercado Livre', 59.90, 'Pago', DATE(DATE_ADD(DATE_SUB(NOW(), INTERVAL 8 DAY), INTERVAL 4 DAY)), DATE_SUB(NOW(), INTERVAL 8 DAY), 1, DATE_SUB(NOW(), INTERVAL 8 DAY), DATE_SUB(NOW(), INTERVAL 8 DAY), 1, 2),
(113, 'Receita', 'Shopee', 59.80, 'Pago', DATE(DATE_ADD(DATE_SUB(NOW(), INTERVAL 7 DAY), INTERVAL 5 DAY)), DATE_SUB(NOW(), INTERVAL 7 DAY), 1, DATE_SUB(NOW(), INTERVAL 7 DAY), DATE_SUB(NOW(), INTERVAL 7 DAY), 1, 3),
(114, 'Receita', 'Mercado Livre', 84.80, 'Pago', DATE(DATE_ADD(DATE_SUB(NOW(), INTERVAL 6 DAY), INTERVAL 6 DAY)), DATE_SUB(NOW(), INTERVAL 6 DAY), 1, DATE_SUB(NOW(), INTERVAL 6 DAY), DATE_SUB(NOW(), INTERVAL 6 DAY), 1, 2),
(115, 'Receita', 'Shopee', 99.70, 'Pago', DATE(DATE_ADD(DATE_SUB(NOW(), INTERVAL 5 DAY), INTERVAL 2 DAY)), DATE_SUB(NOW(), INTERVAL 5 DAY), 1, DATE_SUB(NOW(), INTERVAL 5 DAY), DATE_SUB(NOW(), INTERVAL 5 DAY), 1, 3),
(116, 'Despesa', 'Sublimix Insumos', 650.00, 'Pendente', DATE(DATE_ADD(DATE_SUB(NOW(), INTERVAL 4 DAY), INTERVAL 7 DAY)), NULL, 1, DATE_SUB(NOW(), INTERVAL 4 DAY), DATE_SUB(NOW(), INTERVAL 4 DAY), 2, 1),
(117, 'Despesa', 'Papel & Arte Cadernos', 740.00, 'Pendente', DATE(DATE_ADD(DATE_SUB(NOW(), INTERVAL 3 DAY), INTERVAL 8 DAY)), NULL, 1, DATE_SUB(NOW(), INTERVAL 3 DAY), DATE_SUB(NOW(), INTERVAL 3 DAY), 2, 6),
(118, 'Despesa', 'Flash Entregas', 140.00, 'Pendente', DATE(DATE_ADD(DATE_SUB(NOW(), INTERVAL 2 DAY), INTERVAL 5 DAY)), NULL, 1, DATE_SUB(NOW(), INTERVAL 2 DAY), DATE_SUB(NOW(), INTERVAL 2 DAY), 3, 5),
(119, 'Receita', 'Mercado Livre', 87.70, 'Pago', DATE(DATE_ADD(DATE_SUB(NOW(), INTERVAL 1 DAY), INTERVAL 6 DAY)), DATE_SUB(NOW(), INTERVAL 1 DAY), 1, DATE_SUB(NOW(), INTERVAL 1 DAY), DATE_SUB(NOW(), INTERVAL 1 DAY), 1, 2),
(120, 'Receita', 'Shopee', 99.70, 'Pago', DATE(DATE_ADD(DATE_SUB(NOW(), INTERVAL 0 DAY), INTERVAL 2 DAY)), DATE_SUB(NOW(), INTERVAL 0 DAY), 1, DATE_SUB(NOW(), INTERVAL 0 DAY), DATE_SUB(NOW(), INTERVAL 0 DAY), 1, 3);
DROP TABLE IF EXISTS v_dash_kpi_mes;
DROP VIEW IF EXISTS v_dash_kpi_mes;

DROP TABLE IF EXISTS v_dash_vendas_categoria;
DROP VIEW IF EXISTS v_dash_vendas_categoria;

DROP TABLE IF EXISTS v_dash_despesas_categoria;
DROP VIEW IF EXISTS v_dash_despesas_categoria;

DROP TABLE IF EXISTS v_dash_kpi_a_pagar;
DROP VIEW IF EXISTS v_dash_kpi_a_pagar;

DROP TABLE IF EXISTS v_dash_proximos_pagamentos;
DROP VIEW IF EXISTS v_dash_proximos_pagamentos;

CREATE OR REPLACE VIEW v_dash_vendas_categoria AS
SELECT
    ROW_NUMBER() OVER (ORDER BY C.id, MIN(P.created_at)) AS id,
    C.id AS categoria_id,
    C.titulo AS nome_categoria,
    SUM(PP.preco_unitario * PP.qtd_produto) AS valor_total_vendido,
    COUNT(DISTINCT PP.pedido_id) AS quantidade_pedidos,
    DATE(P.created_at) AS data_referencia
FROM produto_pedido PP
         JOIN pedido P ON PP.pedido_id = P.id
         JOIN produto PR ON PP.produto_id = PR.id
         JOIN tema_produto T ON PR.tema_produto_id = T.id
         JOIN categoria_tema C ON T.categoria_tema_id = C.id
GROUP BY C.id, C.titulo, DATE(P.created_at);

CREATE OR REPLACE VIEW v_dash_despesas_categoria AS
SELECT
    ROW_NUMBER() OVER (ORDER BY CM.id, MIN(M.data_pagamento)) AS id,
    CM.id AS categoria_id,
    CM.descricao AS nome_categoria,
    SUM(M.valor) AS valor_total,
    DATE(M.data_pagamento) AS data_referencia
FROM movimentacao M
         JOIN categoria_movimentacao CM ON M.categoria_movimentacao_id = CM.id
WHERE M.tipo = 'Despesa'
  AND M.status_pagamento = 'Pago'
  AND M.status = true
GROUP BY CM.id, CM.descricao, DATE(M.data_pagamento);

CREATE OR REPLACE VIEW v_dash_kpi_mes AS
WITH DadosMensais AS (
    SELECT
        DATE_FORMAT(M.data_pagamento, '%Y-%m-01') AS MES_REFERENCIA_FORMATADA,
        M.tipo AS TIPO_MOVIMENTACAO,
        SUM(M.valor) AS VALOR_MES
    FROM movimentacao M
             JOIN categoria_movimentacao CM ON M.categoria_movimentacao_id = CM.id
    WHERE M.status_pagamento = 'Pago'
      AND M.status = true
      AND M.data_pagamento IS NOT NULL
    GROUP BY 1, 2
),
     ValoresComPeriodoAnterior AS (
         SELECT
             MES_REFERENCIA_FORMATADA,
             TIPO_MOVIMENTACAO,
             VALOR_MES,
             LAG(VALOR_MES, 1, 0.0) OVER (
                 PARTITION BY TIPO_MOVIMENTACAO
                 ORDER BY MES_REFERENCIA_FORMATADA
                 ) AS VALOR_MES_ANTERIOR
         FROM DadosMensais
     )
SELECT
    ROW_NUMBER() OVER (ORDER BY MES_REFERENCIA_FORMATADA, TIPO_MOVIMENTACAO) AS id,
    T.TIPO_MOVIMENTACAO AS tipo_movimentacao,
    T.VALOR_MES AS valor_mes_atual,
    T.VALOR_MES_ANTERIOR AS valor_mes_anterior,
    CASE
        WHEN T.VALOR_MES_ANTERIOR = 0 THEN
            CASE WHEN T.VALOR_MES > 0 THEN 1.0 ELSE 0.0 END
        ELSE
            (T.VALOR_MES - T.VALOR_MES_ANTERIOR) / T.VALOR_MES_ANTERIOR
        END AS percentual_variacao,
    STR_TO_DATE(T.MES_REFERENCIA_FORMATADA, '%Y-%m-%d') AS mes_referencia
FROM ValoresComPeriodoAnterior T;

CREATE OR REPLACE VIEW v_dash_kpi_a_pagar AS
SELECT
    M.id AS id,
    M.valor AS valor,
    M.data_vencimento AS data_vencimento
FROM movimentacao M
WHERE M.tipo = 'Despesa'
  AND M.status_pagamento = 'Pendente'
  AND M.status = true;

CREATE OR REPLACE VIEW v_dash_proximos_pagamentos AS
SELECT
    M.id AS id,
    M.descricao AS descricao,
    M.valor AS valor,
    M.data_vencimento AS data_vencimento,
    CM.descricao AS categoria,
    DATEDIFF(CURDATE(), M.data_vencimento) AS dias_atraso
FROM movimentacao M
         JOIN categoria_movimentacao CM ON M.categoria_movimentacao_id = CM.id
WHERE M.tipo = 'Despesa'
  AND M.status_pagamento = 'Pendente'
  AND M.status = true;