USE encanto_personalizados;

INSERT INTO categoria_movimentacao (id, descricao, status) VALUES
(1, 'Venda', 1),
(2, 'Compra de Insumos', 1),
(3, 'Despesa Operacional', 1),
(4, 'Frete', 1),
(5, 'Marketing', 1);

INSERT INTO categoria_tema (id, ativo, titulo) VALUES
(1, 1, 'Aniversário'),
(2, 1, 'Casamento'),
(3, 1, 'Geek'),
(4, 1, 'Motivacional'),
(5, 1, 'Corporativo'),
(6, 1, 'Dia das Mães'),
(7, 1, 'Dia dos Pais'),
(8, 1, 'Natal'),
(9, 1, 'Acadêmico'),
(10, 1, 'Pet');

INSERT INTO cliente (id, nome, telefone, created_at, updated_at) VALUES
(1, 'Mariana Souza', '11987650001', NOW(), NOW()),
(2, 'Rafael Almeida', '11987650002', NOW(), NOW()),
(3, 'Camila Torres', '11987650003', NOW(), NOW()),
(4, 'Felipe Martins', '11987650004', NOW(), NOW()),
(5, 'Juliana Ribeiro', '11987650005', NOW(), NOW()),
(6, 'Thiago Costa', '11987650006', NOW(), NOW()),
(7, 'Larissa Nogueira', '11987650007', NOW(), NOW()),
(8, 'Bruno Carvalho', '11987650008', NOW(), NOW()),
(9, 'Aline Ferreira', '11987650009', NOW(), NOW()),
(10, 'Gustavo Lima', '11987650010', NOW(), NOW()),
(11, 'Patrícia Gomes', '11987650011', NOW(), NOW()),
(12, 'Vinícius Barros', '11987650012', NOW(), NOW()),
(13, 'Beatriz Menezes', '11987650013', NOW(), NOW()),
(14, 'Renato Pires', '11987650014', NOW(), NOW()),
(15, 'Fernanda Oliveira', '11987650015', NOW(), NOW()),
(16, 'Lucas Azevedo', '11987650016', NOW(), NOW()),
(17, 'Natália Freitas', '11987650017', NOW(), NOW()),
(18, 'Eduardo Rocha', '11987650018', NOW(), NOW()),
(19, 'Carolina Duarte', '11987650019', NOW(), NOW()),
(20, 'André Moura', '11987650020', NOW(), NOW()),
(21, 'Paula Siqueira', '11987650021', NOW(), NOW()),
(22, 'Leonardo Cunha', '11987650022', NOW(), NOW()),
(23, 'Vanessa Batista', '11987650023', NOW(), NOW()),
(24, 'Rodrigo Teles', '11987650024', NOW(), NOW()),
(25, 'Isabela Cardoso', '11987650025', NOW(), NOW()),
(26, 'Henrique Farias', '11987650026', NOW(), NOW()),
(27, 'Sabrina Teixeira', '11987650027', NOW(), NOW()),
(28, 'Márcio Vieira', '11987650028', NOW(), NOW()),
(29, 'Tatiane Lopes', '11987650029', NOW(), NOW()),
(30, 'Daniela Campos', '11987650030', NOW(), NOW());

INSERT INTO contraparte (id, nome, descricao, segmento, tipo_contrato, status, created_at, updated_at) VALUES
(1, 'Sublimix Insumos', 'Fornecedor de canecas, squeezes e papelaria personalizada', 'Insumos', 'Recorrente', 1, NOW(), NOW()),
(2, 'Mercado Livre', 'Marketplace com comissão por venda', 'Marketplace', 'Comissão', 1, NOW(), NOW()),
(3, 'Shopee', 'Marketplace com comissão por venda', 'Marketplace', 'Comissão', 1, NOW(), NOW()),
(4, 'Meta Ads Brasil', 'Campanhas patrocinadas nas redes sociais', 'Marketing', 'Mensal', 1, NOW(), NOW()),
(5, 'Flash Entregas', 'Operação logística para envios locais e regionais', 'Logística', 'Sob Demanda', 1, NOW(), NOW()),
(6, 'Papel & Arte Cadernos', 'Fornecedor de cadernos, capas e encadernação', 'Insumos', 'Recorrente', 1, NOW(), NOW());

INSERT INTO item_produto (id, descricao, material, altura, comprimento, largura, peso, custo_producao, preco_promocional, preco_venda, prazo_producao, ativo, created_at, updated_at) VALUES
(1, 'Caneca Branca 325ml', 'Cerâmica', 9.5, 8.0, 8.0, 0.32, 8.5, 24.9, 29.9, 2, 1, NOW(), NOW()),
(2, 'Caneca Mágica 325ml', 'Cerâmica Termossensível', 9.5, 8.0, 8.0, 0.34, 14.0, 34.9, 44.9, 3, 1, NOW(), NOW()),
(3, 'Camiseta Básica Personalizada', 'Algodão', 70.0, 50.0, 1.0, 0.2, 22.0, 44.9, 59.9, 3, 1, NOW(), NOW()),
(4, 'Camiseta Premium Personalizada', 'Algodão Penteado', 72.0, 52.0, 1.0, 0.24, 28.0, 54.9, 69.9, 4, 1, NOW(), NOW()),
(5, 'Caderno A5 Personalizado', 'Papel/Cartão', 21.0, 15.0, 2.0, 0.45, 11.5, 29.9, 39.9, 2, 1, NOW(), NOW()),
(6, 'Caderno Universitário Personalizado', 'Papel/Cartão', 27.5, 20.0, 3.0, 0.75, 18.0, 39.9, 54.9, 3, 1, NOW(), NOW()),
(7, 'Squeeze Personalizada 500ml', 'Alumínio', 22.0, 7.0, 7.0, 0.18, 13.0, 29.9, 39.9, 2, 1, NOW(), NOW()),
(8, 'Mousepad Personalizado', 'Neoprene', 0.3, 24.0, 20.0, 0.15, 7.0, 19.9, 27.9, 2, 1, NOW(), NOW()),
(9, 'Almofada Personalizada', 'Poliéster', 10.0, 40.0, 40.0, 0.5, 16.0, 34.9, 49.9, 3, 1, NOW(), NOW()),
(10, 'Ecobag Personalizada', 'Algodão Cru', 35.0, 30.0, 5.0, 0.12, 9.5, 24.9, 34.9, 2, 1, NOW(), NOW());

INSERT INTO status_pedido (id, status, cor, ordem_kanban, ativo, created_at, updated_at) VALUES
(1, 'Pedido Recebido', 'gray', 1, 1, NOW(), NOW()),
(2, 'Aguardando Pagamento', 'yellow', 2, 1, NOW(), NOW()),
(3, 'Pago', 'green', 3, 1, NOW(), NOW()),
(4, 'Em Produção', 'blue', 4, 1, NOW(), NOW()),
(5, 'Pronto para Envio', 'purple', 5, 1, NOW(), NOW()),
(6, 'Enviado', 'orange', 6, 1, NOW(), NOW()),
(7, 'Entregue', 'teal', 7, 1, NOW(), NOW()),
(8, 'Cancelado', 'red', 8, 1, NOW(), NOW());

INSERT INTO usuario (id, name, email, password, cpf, cargo, status, created_at, updated_at) VALUES
(1, 'Helena Prado', 'helena@arteemfoco.com.br', '123456', '11111111111', 'Administradora', 1, NOW(), NOW()),
(2, 'Marina Sales', 'marina@arteemfoco.com.br', '123456', '22222222222', 'Atendimento', 1, NOW(), NOW()),
(3, 'Caio Mendes', 'caio@arteemfoco.com.br', '123456', '33333333333', 'Produção', 1, NOW(), NOW()),
(4, 'Bianca Freire', 'bianca@arteemfoco.com.br', '123456', '44444444444', 'Comercial', 1, NOW(), NOW());

INSERT INTO endereco_cliente (id, cep, logradouro, num_logradouro, complemento, bairro, cidade, municipio, estado, uf, ativo, created_at, updated_at, cliente_id) VALUES
(1, '01310-100', 'Avenida Paulista', '103', NULL, 'Bela Vista', 'São Paulo', 'São Paulo', 'São Paulo', 'SP', 1, NOW(), NOW(), 1),
(2, '05407-002', 'Rua dos Pinheiros', '106', NULL, 'Pinheiros', 'São Paulo', 'São Paulo', 'São Paulo', 'SP', 1, NOW(), NOW(), 2),
(3, '04538-132', 'Avenida Brigadeiro Faria Lima', '109', NULL, 'Itaim Bibi', 'São Paulo', 'São Paulo', 'São Paulo', 'SP', 1, NOW(), NOW(), 3),
(4, '04101-300', 'Rua Vergueiro', '112', 'Apto 5', 'Vila Mariana', 'São Paulo', 'São Paulo', 'São Paulo', 'SP', 1, NOW(), NOW(), 4),
(5, '05010-000', 'Rua Clélia', '115', NULL, 'Lapa', 'São Paulo', 'São Paulo', 'São Paulo', 'SP', 1, NOW(), NOW(), 5),
(6, '03310-000', 'Rua Serra de Japi', '118', NULL, 'Tatuapé', 'São Paulo', 'São Paulo', 'São Paulo', 'SP', 1, NOW(), NOW(), 6),
(7, '03164-000', 'Rua da Mooca', '121', NULL, 'Mooca', 'São Paulo', 'São Paulo', 'São Paulo', 'SP', 1, NOW(), NOW(), 7),
(8, '04094-050', 'Avenida Jabaquara', '124', 'Apto 9', 'Saúde', 'São Paulo', 'São Paulo', 'São Paulo', 'SP', 1, NOW(), NOW(), 8),
(9, '04707-000', 'Rua Barão do Triunfo', '127', NULL, 'Brooklin', 'São Paulo', 'São Paulo', 'São Paulo', 'SP', 1, NOW(), NOW(), 9),
(10, '02310-000', 'Avenida Nova Cantareira', '130', NULL, 'Tucuruvi', 'São Paulo', 'São Paulo', 'São Paulo', 'SP', 1, NOW(), NOW(), 10),
(11, '01310-100', 'Avenida Paulista', '133', NULL, 'Bela Vista', 'São Paulo', 'São Paulo', 'São Paulo', 'SP', 1, NOW(), NOW(), 11),
(12, '05407-002', 'Rua dos Pinheiros', '136', 'Apto 1', 'Pinheiros', 'São Paulo', 'São Paulo', 'São Paulo', 'SP', 1, NOW(), NOW(), 12),
(13, '04538-132', 'Avenida Brigadeiro Faria Lima', '139', NULL, 'Itaim Bibi', 'São Paulo', 'São Paulo', 'São Paulo', 'SP', 1, NOW(), NOW(), 13),
(14, '04101-300', 'Rua Vergueiro', '142', NULL, 'Vila Mariana', 'São Paulo', 'São Paulo', 'São Paulo', 'SP', 1, NOW(), NOW(), 14),
(15, '05010-000', 'Rua Clélia', '145', NULL, 'Lapa', 'São Paulo', 'São Paulo', 'São Paulo', 'SP', 1, NOW(), NOW(), 15),
(16, '03310-000', 'Rua Serra de Japi', '148', 'Apto 5', 'Tatuapé', 'São Paulo', 'São Paulo', 'São Paulo', 'SP', 1, NOW(), NOW(), 16),
(17, '03164-000', 'Rua da Mooca', '151', NULL, 'Mooca', 'São Paulo', 'São Paulo', 'São Paulo', 'SP', 1, NOW(), NOW(), 17),
(18, '04094-050', 'Avenida Jabaquara', '154', NULL, 'Saúde', 'São Paulo', 'São Paulo', 'São Paulo', 'SP', 1, NOW(), NOW(), 18),
(19, '04707-000', 'Rua Barão do Triunfo', '157', NULL, 'Brooklin', 'São Paulo', 'São Paulo', 'São Paulo', 'SP', 1, NOW(), NOW(), 19),
(20, '02310-000', 'Avenida Nova Cantareira', '160', 'Apto 9', 'Tucuruvi', 'São Paulo', 'São Paulo', 'São Paulo', 'SP', 1, NOW(), NOW(), 20),
(21, '01310-100', 'Avenida Paulista', '163', NULL, 'Bela Vista', 'São Paulo', 'São Paulo', 'São Paulo', 'SP', 1, NOW(), NOW(), 21),
(22, '05407-002', 'Rua dos Pinheiros', '166', NULL, 'Pinheiros', 'São Paulo', 'São Paulo', 'São Paulo', 'SP', 1, NOW(), NOW(), 22),
(23, '04538-132', 'Avenida Brigadeiro Faria Lima', '169', NULL, 'Itaim Bibi', 'São Paulo', 'São Paulo', 'São Paulo', 'SP', 1, NOW(), NOW(), 23),
(24, '04101-300', 'Rua Vergueiro', '172', 'Apto 1', 'Vila Mariana', 'São Paulo', 'São Paulo', 'São Paulo', 'SP', 1, NOW(), NOW(), 24),
(25, '05010-000', 'Rua Clélia', '175', NULL, 'Lapa', 'São Paulo', 'São Paulo', 'São Paulo', 'SP', 1, NOW(), NOW(), 25),
(26, '03310-000', 'Rua Serra de Japi', '178', NULL, 'Tatuapé', 'São Paulo', 'São Paulo', 'São Paulo', 'SP', 1, NOW(), NOW(), 26),
(27, '03164-000', 'Rua da Mooca', '181', NULL, 'Mooca', 'São Paulo', 'São Paulo', 'São Paulo', 'SP', 1, NOW(), NOW(), 27),
(28, '04094-050', 'Avenida Jabaquara', '184', 'Apto 5', 'Saúde', 'São Paulo', 'São Paulo', 'São Paulo', 'SP', 1, NOW(), NOW(), 28),
(29, '04707-000', 'Rua Barão do Triunfo', '187', NULL, 'Brooklin', 'São Paulo', 'São Paulo', 'São Paulo', 'SP', 1, NOW(), NOW(), 29),
(30, '02310-000', 'Avenida Nova Cantareira', '190', NULL, 'Tucuruvi', 'São Paulo', 'São Paulo', 'São Paulo', 'SP', 1, NOW(), NOW(), 30);

INSERT INTO tema_produto (id, descricao, ativo, created_at, updated_at, categoria_tema_id) VALUES
(1, 'Coleção Festa Colorida', 1, NOW(), NOW(), 1),
(2, 'Linha Casamento Minimalista', 1, NOW(), NOW(), 2),
(3, 'Galáxia Geek', 1, NOW(), NOW(), 3),
(4, 'Frases que Inspiram', 1, NOW(), NOW(), 4),
(5, 'Linha Marca Própria', 1, NOW(), NOW(), 5),
(6, 'Mãe, Meu Maior Amor', 1, NOW(), NOW(), 6),
(7, 'Pai, Meu Herói', 1, NOW(), NOW(), 7),
(8, 'Natal Afetivo', 1, NOW(), NOW(), 8),
(9, 'Vida Acadêmica', 1, NOW(), NOW(), 9),
(10, 'Pet em Casa', 1, NOW(), NOW(), 10);

INSERT INTO produto (id, titulo, descricao, ativo, created_at, updated_at, item_produto_id, tema_produto_id) VALUES
(1, 'Caneca Festa Colorida', 'Caneca com nome e idade personalizada', 1, NOW(), NOW(), 1, 1),
(2, 'Caneca Casamento Minimalista', 'Caneca de casal com iniciais', 1, NOW(), NOW(), 1, 2),
(3, 'Caneca Galáxia Gamer', 'Caneca temática geek com arte espacial', 1, NOW(), NOW(), 1, 3),
(4, 'Caneca Frase do Dia', 'Caneca com mensagem motivacional', 1, NOW(), NOW(), 1, 4),
(5, 'Caneca Identidade Visual', 'Caneca corporativa com logo da empresa', 1, NOW(), NOW(), 1, 5),
(6, 'Caneca Melhor Mãe', 'Caneca afetiva para Dia das Mães', 1, NOW(), NOW(), 1, 6),
(7, 'Caneca Melhor Pai', 'Caneca afetiva para Dia dos Pais', 1, NOW(), NOW(), 1, 7),
(8, 'Caneca Natal Ilustrado', 'Caneca temática de Natal', 1, NOW(), NOW(), 1, 8),
(9, 'Caneca Professora Nota 10', 'Caneca para professores e formandos', 1, NOW(), NOW(), 1, 9),
(10, 'Caneca Meu Pet Favorito', 'Caneca com nome e ilustração do pet', 1, NOW(), NOW(), 1, 10),
(11, 'Caneca Mágica Geek', 'Caneca mágica com revelação de estampa', 1, NOW(), NOW(), 2, 3),
(12, 'Camiseta Gamer Edition', 'Camiseta básica com estampa geek', 1, NOW(), NOW(), 3, 3),
(13, 'Camiseta Frase Positiva', 'Camiseta com mensagem motivacional', 1, NOW(), NOW(), 3, 4),
(14, 'Camiseta Premium Corporativa', 'Camiseta premium para ações promocionais', 1, NOW(), NOW(), 4, 5),
(15, 'Caderno A5 Inspirador', 'Caderno com frase e capa personalizada', 1, NOW(), NOW(), 5, 4),
(16, 'Caderno Universitário Acadêmico', 'Caderno universitário com nome do aluno', 1, NOW(), NOW(), 6, 9),
(17, 'Squeeze Empresa em Movimento', 'Squeeze com identidade visual da marca', 1, NOW(), NOW(), 7, 5),
(18, 'Mousepad Mundo Nerd', 'Mousepad com arte geek', 1, NOW(), NOW(), 8, 3),
(19, 'Almofada Pet Lovers', 'Almofada com tema pet', 1, NOW(), NOW(), 9, 10),
(20, 'Ecobag Evento Criativo', 'Ecobag para brindes e eventos', 1, NOW(), NOW(), 10, 5);

INSERT INTO pedido (id, origem, observacoes, preco_total, peso_total, data_limite, ativo, created_at, updated_at, cliente_id, usuario_id) VALUES
(1, 'Site', 'Cliente pediu ajuste de nome na arte', 29.9, 0.32, DATE_ADD(DATE_SUB(NOW(), INTERVAL 119 DAY), INTERVAL 3 DAY), 1, DATE_SUB(NOW(), INTERVAL 119 DAY), DATE_SUB(NOW(), INTERVAL 119 DAY), 1, 2),
(2, 'Instagram', 'Entrega para aniversário no fim de semana', 39.9, 0.18, DATE_ADD(DATE_SUB(NOW(), INTERVAL 118 DAY), INTERVAL 4 DAY), 1, DATE_SUB(NOW(), INTERVAL 118 DAY), DATE_SUB(NOW(), INTERVAL 118 DAY), 2, 2),
(3, 'WhatsApp', 'Personalização com frase enviada por WhatsApp', 84.8, 1.07, DATE_ADD(DATE_SUB(NOW(), INTERVAL 117 DAY), INTERVAL 5 DAY), 1, DATE_SUB(NOW(), INTERVAL 117 DAY), DATE_SUB(NOW(), INTERVAL 117 DAY), 3, 4),
(4, 'Shopee', 'Pedido com identidade visual da empresa', 59.8, 0.64, DATE_ADD(DATE_SUB(NOW(), INTERVAL 116 DAY), INTERVAL 6 DAY), 1, DATE_SUB(NOW(), INTERVAL 116 DAY), DATE_SUB(NOW(), INTERVAL 116 DAY), 4, 2),
(5, 'Mercado Livre', 'Arte aprovada sem alterações', 129.7, 0.88, DATE_ADD(DATE_SUB(NOW(), INTERVAL 115 DAY), INTERVAL 2 DAY), 1, DATE_SUB(NOW(), INTERVAL 115 DAY), DATE_SUB(NOW(), INTERVAL 115 DAY), 5, 2),
(6, 'Site', 'Cliente solicitou embalagem para presente', 34.9, 0.12, DATE_ADD(DATE_SUB(NOW(), INTERVAL 114 DAY), INTERVAL 3 DAY), 1, DATE_SUB(NOW(), INTERVAL 114 DAY), DATE_SUB(NOW(), INTERVAL 114 DAY), 6, 4),
(7, 'Instagram', 'Pedido para lembrança de evento corporativo', 29.9, 0.32, DATE_ADD(DATE_SUB(NOW(), INTERVAL 113 DAY), INTERVAL 4 DAY), 1, DATE_SUB(NOW(), INTERVAL 113 DAY), DATE_SUB(NOW(), INTERVAL 113 DAY), 7, 2),
(8, 'WhatsApp', 'Cliente pediu urgência na produção', 189.6, 0.64, DATE_ADD(DATE_SUB(NOW(), INTERVAL 112 DAY), INTERVAL 5 DAY), 1, DATE_SUB(NOW(), INTERVAL 112 DAY), DATE_SUB(NOW(), INTERVAL 112 DAY), 8, 2),
(9, 'Shopee', 'Pedido com tema pet e nome personalizado', 74.8, 0.57, DATE_ADD(DATE_SUB(NOW(), INTERVAL 111 DAY), INTERVAL 6 DAY), 1, DATE_SUB(NOW(), INTERVAL 111 DAY), DATE_SUB(NOW(), INTERVAL 111 DAY), 9, 4),
(10, 'Mercado Livre', 'Produto destinado a presente de formatura', 125.6, 0.8, DATE_ADD(DATE_SUB(NOW(), INTERVAL 110 DAY), INTERVAL 2 DAY), 1, DATE_SUB(NOW(), INTERVAL 110 DAY), DATE_SUB(NOW(), INTERVAL 110 DAY), 10, 2),
(11, 'Site', 'Cliente pediu ajuste de nome na arte', 29.9, 0.32, DATE_ADD(DATE_SUB(NOW(), INTERVAL 109 DAY), INTERVAL 3 DAY), 1, DATE_SUB(NOW(), INTERVAL 109 DAY), DATE_SUB(NOW(), INTERVAL 109 DAY), 11, 2),
(12, 'Instagram', 'Entrega para aniversário no fim de semana', 29.9, 0.32, DATE_ADD(DATE_SUB(NOW(), INTERVAL 108 DAY), INTERVAL 4 DAY), 1, DATE_SUB(NOW(), INTERVAL 108 DAY), DATE_SUB(NOW(), INTERVAL 108 DAY), 12, 4),
(13, 'WhatsApp', 'Personalização com frase enviada por WhatsApp', 57.8, 0.47, DATE_ADD(DATE_SUB(NOW(), INTERVAL 107 DAY), INTERVAL 5 DAY), 1, DATE_SUB(NOW(), INTERVAL 107 DAY), DATE_SUB(NOW(), INTERVAL 107 DAY), 13, 2),
(14, 'Shopee', 'Pedido com identidade visual da empresa', 74.8, 0.66, DATE_ADD(DATE_SUB(NOW(), INTERVAL 106 DAY), INTERVAL 6 DAY), 1, DATE_SUB(NOW(), INTERVAL 106 DAY), DATE_SUB(NOW(), INTERVAL 106 DAY), 14, 2),
(15, 'Mercado Livre', 'Arte aprovada sem alterações', 159.6, 1.2, DATE_ADD(DATE_SUB(NOW(), INTERVAL 105 DAY), INTERVAL 2 DAY), 1, DATE_SUB(NOW(), INTERVAL 105 DAY), DATE_SUB(NOW(), INTERVAL 105 DAY), 15, 4),
(16, 'Site', 'Cliente solicitou embalagem para presente', 39.9, 0.45, DATE_ADD(DATE_SUB(NOW(), INTERVAL 104 DAY), INTERVAL 3 DAY), 1, DATE_SUB(NOW(), INTERVAL 104 DAY), DATE_SUB(NOW(), INTERVAL 104 DAY), 16, 2),
(17, 'Instagram', 'Pedido para lembrança de evento corporativo', 29.9, 0.32, DATE_ADD(DATE_SUB(NOW(), INTERVAL 103 DAY), INTERVAL 4 DAY), 1, DATE_SUB(NOW(), INTERVAL 103 DAY), DATE_SUB(NOW(), INTERVAL 103 DAY), 17, 2),
(18, 'WhatsApp', 'Cliente pediu urgência na produção', 109.7, 0.68, DATE_ADD(DATE_SUB(NOW(), INTERVAL 102 DAY), INTERVAL 5 DAY), 1, DATE_SUB(NOW(), INTERVAL 102 DAY), DATE_SUB(NOW(), INTERVAL 102 DAY), 18, 4),
(19, 'Shopee', 'Pedido com tema pet e nome personalizado', 69.8, 0.5, DATE_ADD(DATE_SUB(NOW(), INTERVAL 101 DAY), INTERVAL 6 DAY), 1, DATE_SUB(NOW(), INTERVAL 101 DAY), DATE_SUB(NOW(), INTERVAL 101 DAY), 19, 2),
(20, 'Mercado Livre', 'Produto destinado a presente de formatura', 99.7, 0.82, DATE_ADD(DATE_SUB(NOW(), INTERVAL 100 DAY), INTERVAL 2 DAY), 1, DATE_SUB(NOW(), INTERVAL 100 DAY), DATE_SUB(NOW(), INTERVAL 100 DAY), 20, 2),
(21, 'Site', 'Cliente pediu ajuste de nome na arte', 34.9, 0.12, DATE_ADD(DATE_SUB(NOW(), INTERVAL 99 DAY), INTERVAL 3 DAY), 1, DATE_SUB(NOW(), INTERVAL 99 DAY), DATE_SUB(NOW(), INTERVAL 99 DAY), 21, 4),
(22, 'Instagram', 'Entrega para aniversário no fim de semana', 29.9, 0.32, DATE_ADD(DATE_SUB(NOW(), INTERVAL 98 DAY), INTERVAL 4 DAY), 1, DATE_SUB(NOW(), INTERVAL 98 DAY), DATE_SUB(NOW(), INTERVAL 98 DAY), 22, 2),
(23, 'WhatsApp', 'Personalização com frase enviada por WhatsApp', 179.6, 1.04, DATE_ADD(DATE_SUB(NOW(), INTERVAL 97 DAY), INTERVAL 5 DAY), 1, DATE_SUB(NOW(), INTERVAL 97 DAY), DATE_SUB(NOW(), INTERVAL 97 DAY), 23, 2),
(24, 'Shopee', 'Pedido com identidade visual da empresa', 85.7, 0.62, DATE_ADD(DATE_SUB(NOW(), INTERVAL 96 DAY), INTERVAL 6 DAY), 1, DATE_SUB(NOW(), INTERVAL 96 DAY), DATE_SUB(NOW(), INTERVAL 96 DAY), 24, 4),
(25, 'Mercado Livre', 'Arte aprovada sem alterações', 154.6, 1.02, DATE_ADD(DATE_SUB(NOW(), INTERVAL 95 DAY), INTERVAL 2 DAY), 1, DATE_SUB(NOW(), INTERVAL 95 DAY), DATE_SUB(NOW(), INTERVAL 95 DAY), 25, 2),
(26, 'Site', 'Cliente solicitou embalagem para presente', 109.8, 1.5, DATE_ADD(DATE_SUB(NOW(), INTERVAL 94 DAY), INTERVAL 3 DAY), 1, DATE_SUB(NOW(), INTERVAL 94 DAY), DATE_SUB(NOW(), INTERVAL 94 DAY), 26, 2),
(27, 'Instagram', 'Pedido para lembrança de evento corporativo', 59.8, 0.64, DATE_ADD(DATE_SUB(NOW(), INTERVAL 93 DAY), INTERVAL 4 DAY), 1, DATE_SUB(NOW(), INTERVAL 93 DAY), DATE_SUB(NOW(), INTERVAL 93 DAY), 27, 4),
(28, 'WhatsApp', 'Cliente pediu urgência na produção', 89.8, 0.52, DATE_ADD(DATE_SUB(NOW(), INTERVAL 92 DAY), INTERVAL 5 DAY), 1, DATE_SUB(NOW(), INTERVAL 92 DAY), DATE_SUB(NOW(), INTERVAL 92 DAY), 28, 2),
(29, 'Shopee', 'Pedido com tema pet e nome personalizado', 59.8, 0.64, DATE_ADD(DATE_SUB(NOW(), INTERVAL 91 DAY), INTERVAL 6 DAY), 1, DATE_SUB(NOW(), INTERVAL 91 DAY), DATE_SUB(NOW(), INTERVAL 91 DAY), 29, 2),
(30, 'Mercado Livre', 'Produto destinado a presente de formatura', 89.7, 0.96, DATE_ADD(DATE_SUB(NOW(), INTERVAL 90 DAY), INTERVAL 2 DAY), 1, DATE_SUB(NOW(), INTERVAL 90 DAY), DATE_SUB(NOW(), INTERVAL 90 DAY), 30, 4),
(31, 'Site', 'Cliente pediu ajuste de nome na arte', 59.8, 0.64, DATE_ADD(DATE_SUB(NOW(), INTERVAL 89 DAY), INTERVAL 3 DAY), 1, DATE_SUB(NOW(), INTERVAL 89 DAY), DATE_SUB(NOW(), INTERVAL 89 DAY), 1, 2),
(32, 'Instagram', 'Entrega para aniversário no fim de semana', 54.9, 0.75, DATE_ADD(DATE_SUB(NOW(), INTERVAL 88 DAY), INTERVAL 4 DAY), 1, DATE_SUB(NOW(), INTERVAL 88 DAY), DATE_SUB(NOW(), INTERVAL 88 DAY), 2, 2),
(33, 'WhatsApp', 'Personalização com frase enviada por WhatsApp', 85.7, 0.62, DATE_ADD(DATE_SUB(NOW(), INTERVAL 87 DAY), INTERVAL 5 DAY), 1, DATE_SUB(NOW(), INTERVAL 87 DAY), DATE_SUB(NOW(), INTERVAL 87 DAY), 3, 4),
(34, 'Shopee', 'Pedido com identidade visual da empresa', 64.8, 0.44, DATE_ADD(DATE_SUB(NOW(), INTERVAL 86 DAY), INTERVAL 6 DAY), 1, DATE_SUB(NOW(), INTERVAL 86 DAY), DATE_SUB(NOW(), INTERVAL 86 DAY), 4, 2),
(35, 'Mercado Livre', 'Arte aprovada sem alterações', 167.6, 1.97, DATE_ADD(DATE_SUB(NOW(), INTERVAL 85 DAY), INTERVAL 2 DAY), 1, DATE_SUB(NOW(), INTERVAL 85 DAY), DATE_SUB(NOW(), INTERVAL 85 DAY), 5, 2),
(36, 'Site', 'Cliente solicitou embalagem para presente', 29.9, 0.32, DATE_ADD(DATE_SUB(NOW(), INTERVAL 84 DAY), INTERVAL 3 DAY), 1, DATE_SUB(NOW(), INTERVAL 84 DAY), DATE_SUB(NOW(), INTERVAL 84 DAY), 6, 4),
(37, 'Instagram', 'Pedido para lembrança de evento corporativo', 39.9, 0.18, DATE_ADD(DATE_SUB(NOW(), INTERVAL 83 DAY), INTERVAL 4 DAY), 1, DATE_SUB(NOW(), INTERVAL 83 DAY), DATE_SUB(NOW(), INTERVAL 83 DAY), 7, 2),
(38, 'WhatsApp', 'Cliente pediu urgência na produção', 104.8, 0.36, DATE_ADD(DATE_SUB(NOW(), INTERVAL 82 DAY), INTERVAL 5 DAY), 1, DATE_SUB(NOW(), INTERVAL 82 DAY), DATE_SUB(NOW(), INTERVAL 82 DAY), 8, 2),
(39, 'Shopee', 'Pedido com tema pet e nome personalizado', 57.8, 0.47, DATE_ADD(DATE_SUB(NOW(), INTERVAL 81 DAY), INTERVAL 6 DAY), 1, DATE_SUB(NOW(), INTERVAL 81 DAY), DATE_SUB(NOW(), INTERVAL 81 DAY), 9, 4),
(40, 'Mercado Livre', 'Produto destinado a presente de formatura', 119.7, 0.84, DATE_ADD(DATE_SUB(NOW(), INTERVAL 80 DAY), INTERVAL 2 DAY), 1, DATE_SUB(NOW(), INTERVAL 80 DAY), DATE_SUB(NOW(), INTERVAL 80 DAY), 10, 2),
(41, 'Site', 'Cliente pediu ajuste de nome na arte', 59.9, 0.2, DATE_ADD(DATE_SUB(NOW(), INTERVAL 79 DAY), INTERVAL 3 DAY), 1, DATE_SUB(NOW(), INTERVAL 79 DAY), DATE_SUB(NOW(), INTERVAL 79 DAY), 11, 2),
(42, 'Instagram', 'Entrega para aniversário no fim de semana', 39.9, 0.45, DATE_ADD(DATE_SUB(NOW(), INTERVAL 78 DAY), INTERVAL 4 DAY), 1, DATE_SUB(NOW(), INTERVAL 78 DAY), DATE_SUB(NOW(), INTERVAL 78 DAY), 12, 4),
(43, 'WhatsApp', 'Personalização com frase enviada por WhatsApp', 79.8, 0.63, DATE_ADD(DATE_SUB(NOW(), INTERVAL 77 DAY), INTERVAL 5 DAY), 1, DATE_SUB(NOW(), INTERVAL 77 DAY), DATE_SUB(NOW(), INTERVAL 77 DAY), 13, 2),
(44, 'Shopee', 'Pedido com identidade visual da empresa', 59.8, 0.64, DATE_ADD(DATE_SUB(NOW(), INTERVAL 76 DAY), INTERVAL 6 DAY), 1, DATE_SUB(NOW(), INTERVAL 76 DAY), DATE_SUB(NOW(), INTERVAL 76 DAY), 14, 2),
(45, 'Mercado Livre', 'Arte aprovada sem alterações', 149.6, 1.32, DATE_ADD(DATE_SUB(NOW(), INTERVAL 75 DAY), INTERVAL 2 DAY), 1, DATE_SUB(NOW(), INTERVAL 75 DAY), DATE_SUB(NOW(), INTERVAL 75 DAY), 15, 4),
(46, 'Site', 'Cliente solicitou embalagem para presente', 29.9, 0.32, DATE_ADD(DATE_SUB(NOW(), INTERVAL 74 DAY), INTERVAL 3 DAY), 1, DATE_SUB(NOW(), INTERVAL 74 DAY), DATE_SUB(NOW(), INTERVAL 74 DAY), 16, 2),
(47, 'Instagram', 'Pedido para lembrança de evento corporativo', 49.9, 0.5, DATE_ADD(DATE_SUB(NOW(), INTERVAL 73 DAY), INTERVAL 4 DAY), 1, DATE_SUB(NOW(), INTERVAL 73 DAY), DATE_SUB(NOW(), INTERVAL 73 DAY), 17, 2),
(48, 'WhatsApp', 'Cliente pediu urgência na produção', 87.7, 0.79, DATE_ADD(DATE_SUB(NOW(), INTERVAL 72 DAY), INTERVAL 5 DAY), 1, DATE_SUB(NOW(), INTERVAL 72 DAY), DATE_SUB(NOW(), INTERVAL 72 DAY), 18, 4),
(49, 'Shopee', 'Pedido com tema pet e nome personalizado', 129.7, 1.32, DATE_ADD(DATE_SUB(NOW(), INTERVAL 71 DAY), INTERVAL 6 DAY), 1, DATE_SUB(NOW(), INTERVAL 71 DAY), DATE_SUB(NOW(), INTERVAL 71 DAY), 19, 2),
(50, 'Mercado Livre', 'Produto destinado a presente de formatura', 119.6, 1.28, DATE_ADD(DATE_SUB(NOW(), INTERVAL 70 DAY), INTERVAL 2 DAY), 1, DATE_SUB(NOW(), INTERVAL 70 DAY), DATE_SUB(NOW(), INTERVAL 70 DAY), 20, 2),
(51, 'Site', 'Cliente pediu ajuste de nome na arte', 29.9, 0.32, DATE_ADD(DATE_SUB(NOW(), INTERVAL 69 DAY), INTERVAL 3 DAY), 1, DATE_SUB(NOW(), INTERVAL 69 DAY), DATE_SUB(NOW(), INTERVAL 69 DAY), 21, 4),
(52, 'Instagram', 'Entrega para aniversário no fim de semana', 29.9, 0.32, DATE_ADD(DATE_SUB(NOW(), INTERVAL 68 DAY), INTERVAL 4 DAY), 1, DATE_SUB(NOW(), INTERVAL 68 DAY), DATE_SUB(NOW(), INTERVAL 68 DAY), 22, 2),
(53, 'WhatsApp', 'Personalização com frase enviada por WhatsApp', 74.8, 0.66, DATE_ADD(DATE_SUB(NOW(), INTERVAL 67 DAY), INTERVAL 5 DAY), 1, DATE_SUB(NOW(), INTERVAL 67 DAY), DATE_SUB(NOW(), INTERVAL 67 DAY), 23, 2),
(54, 'Shopee', 'Pedido com identidade visual da empresa', 69.8, 0.5, DATE_ADD(DATE_SUB(NOW(), INTERVAL 66 DAY), INTERVAL 6 DAY), 1, DATE_SUB(NOW(), INTERVAL 66 DAY), DATE_SUB(NOW(), INTERVAL 66 DAY), 24, 4),
(55, 'Mercado Livre', 'Arte aprovada sem alterações', 144.6, 1.71, DATE_ADD(DATE_SUB(NOW(), INTERVAL 65 DAY), INTERVAL 2 DAY), 1, DATE_SUB(NOW(), INTERVAL 65 DAY), DATE_SUB(NOW(), INTERVAL 65 DAY), 25, 2),
(56, 'Site', 'Cliente solicitou embalagem para presente', 59.8, 0.64, DATE_ADD(DATE_SUB(NOW(), INTERVAL 64 DAY), INTERVAL 3 DAY), 1, DATE_SUB(NOW(), INTERVAL 64 DAY), DATE_SUB(NOW(), INTERVAL 64 DAY), 26, 2),
(57, 'Instagram', 'Pedido para lembrança de evento corporativo', 27.9, 0.15, DATE_ADD(DATE_SUB(NOW(), INTERVAL 63 DAY), INTERVAL 4 DAY), 1, DATE_SUB(NOW(), INTERVAL 63 DAY), DATE_SUB(NOW(), INTERVAL 63 DAY), 27, 4),
(58, 'WhatsApp', 'Cliente pediu urgência na produção', 159.6, 1.64, DATE_ADD(DATE_SUB(NOW(), INTERVAL 62 DAY), INTERVAL 5 DAY), 1, DATE_SUB(NOW(), INTERVAL 62 DAY), DATE_SUB(NOW(), INTERVAL 62 DAY), 28, 2),
(59, 'Shopee', 'Pedido com tema pet e nome personalizado', 104.8, 1.25, DATE_ADD(DATE_SUB(NOW(), INTERVAL 61 DAY), INTERVAL 6 DAY), 1, DATE_SUB(NOW(), INTERVAL 61 DAY), DATE_SUB(NOW(), INTERVAL 61 DAY), 29, 2),
(60, 'Mercado Livre', 'Produto destinado a presente de formatura', 184.6, 1.63, DATE_ADD(DATE_SUB(NOW(), INTERVAL 60 DAY), INTERVAL 2 DAY), 1, DATE_SUB(NOW(), INTERVAL 60 DAY), DATE_SUB(NOW(), INTERVAL 60 DAY), 30, 4),
(61, 'Site', 'Cliente pediu ajuste de nome na arte', 59.8, 0.64, DATE_ADD(DATE_SUB(NOW(), INTERVAL 59 DAY), INTERVAL 3 DAY), 1, DATE_SUB(NOW(), INTERVAL 59 DAY), DATE_SUB(NOW(), INTERVAL 59 DAY), 1, 2),
(62, 'Instagram', 'Entrega para aniversário no fim de semana', 29.9, 0.32, DATE_ADD(DATE_SUB(NOW(), INTERVAL 58 DAY), INTERVAL 4 DAY), 1, DATE_SUB(NOW(), INTERVAL 58 DAY), DATE_SUB(NOW(), INTERVAL 58 DAY), 2, 2),
(63, 'WhatsApp', 'Personalização com frase enviada por WhatsApp', 169.7, 0.8, DATE_ADD(DATE_SUB(NOW(), INTERVAL 57 DAY), INTERVAL 5 DAY), 1, DATE_SUB(NOW(), INTERVAL 57 DAY), DATE_SUB(NOW(), INTERVAL 57 DAY), 3, 4),
(64, 'Shopee', 'Pedido com identidade visual da empresa', 129.8, 0.44, DATE_ADD(DATE_SUB(NOW(), INTERVAL 56 DAY), INTERVAL 6 DAY), 1, DATE_SUB(NOW(), INTERVAL 56 DAY), DATE_SUB(NOW(), INTERVAL 56 DAY), 4, 2),
(65, 'Mercado Livre', 'Arte aprovada sem alterações', 139.7, 1.01, DATE_ADD(DATE_SUB(NOW(), INTERVAL 55 DAY), INTERVAL 2 DAY), 1, DATE_SUB(NOW(), INTERVAL 55 DAY), DATE_SUB(NOW(), INTERVAL 55 DAY), 5, 2),
(66, 'Site', 'Cliente solicitou embalagem para presente', 59.8, 0.64, DATE_ADD(DATE_SUB(NOW(), INTERVAL 54 DAY), INTERVAL 3 DAY), 1, DATE_SUB(NOW(), INTERVAL 54 DAY), DATE_SUB(NOW(), INTERVAL 54 DAY), 6, 4),
(67, 'Instagram', 'Pedido para lembrança de evento corporativo', 29.9, 0.32, DATE_ADD(DATE_SUB(NOW(), INTERVAL 53 DAY), INTERVAL 4 DAY), 1, DATE_SUB(NOW(), INTERVAL 53 DAY), DATE_SUB(NOW(), INTERVAL 53 DAY), 7, 2),
(68, 'WhatsApp', 'Cliente pediu urgência na produção', 104.8, 0.54, DATE_ADD(DATE_SUB(NOW(), INTERVAL 52 DAY), INTERVAL 5 DAY), 1, DATE_SUB(NOW(), INTERVAL 52 DAY), DATE_SUB(NOW(), INTERVAL 52 DAY), 8, 2),
(69, 'Shopee', 'Pedido com tema pet e nome personalizado', 89.7, 0.96, DATE_ADD(DATE_SUB(NOW(), INTERVAL 51 DAY), INTERVAL 6 DAY), 1, DATE_SUB(NOW(), INTERVAL 51 DAY), DATE_SUB(NOW(), INTERVAL 51 DAY), 9, 4),
(70, 'Mercado Livre', 'Produto destinado a presente de formatura', 122.6, 0.91, DATE_ADD(DATE_SUB(NOW(), INTERVAL 50 DAY), INTERVAL 2 DAY), 1, DATE_SUB(NOW(), INTERVAL 50 DAY), DATE_SUB(NOW(), INTERVAL 50 DAY), 10, 2),
(71, 'Site', 'Cliente pediu ajuste de nome na arte', 39.9, 0.45, DATE_ADD(DATE_SUB(NOW(), INTERVAL 49 DAY), INTERVAL 3 DAY), 1, DATE_SUB(NOW(), INTERVAL 49 DAY), DATE_SUB(NOW(), INTERVAL 49 DAY), 11, 2),
(72, 'Instagram', 'Entrega para aniversário no fim de semana', 59.8, 0.64, DATE_ADD(DATE_SUB(NOW(), INTERVAL 48 DAY), INTERVAL 4 DAY), 1, DATE_SUB(NOW(), INTERVAL 48 DAY), DATE_SUB(NOW(), INTERVAL 48 DAY), 12, 4),
(73, 'WhatsApp', 'Personalização com frase enviada por WhatsApp', 99.8, 0.56, DATE_ADD(DATE_SUB(NOW(), INTERVAL 47 DAY), INTERVAL 5 DAY), 1, DATE_SUB(NOW(), INTERVAL 47 DAY), DATE_SUB(NOW(), INTERVAL 47 DAY), 13, 2),
(74, 'Shopee', 'Pedido com identidade visual da empresa', 69.8, 0.77, DATE_ADD(DATE_SUB(NOW(), INTERVAL 46 DAY), INTERVAL 6 DAY), 1, DATE_SUB(NOW(), INTERVAL 46 DAY), DATE_SUB(NOW(), INTERVAL 46 DAY), 14, 2),
(75, 'Mercado Livre', 'Arte aprovada sem alterações', 99.7, 1.09, DATE_ADD(DATE_SUB(NOW(), INTERVAL 45 DAY), INTERVAL 2 DAY), 1, DATE_SUB(NOW(), INTERVAL 45 DAY), DATE_SUB(NOW(), INTERVAL 45 DAY), 15, 4),
(76, 'Site', 'Cliente solicitou embalagem para presente', 27.9, 0.15, DATE_ADD(DATE_SUB(NOW(), INTERVAL 44 DAY), INTERVAL 3 DAY), 1, DATE_SUB(NOW(), INTERVAL 44 DAY), DATE_SUB(NOW(), INTERVAL 44 DAY), 16, 2),
(77, 'Instagram', 'Pedido para lembrança de evento corporativo', 29.9, 0.32, DATE_ADD(DATE_SUB(NOW(), INTERVAL 43 DAY), INTERVAL 4 DAY), 1, DATE_SUB(NOW(), INTERVAL 43 DAY), DATE_SUB(NOW(), INTERVAL 43 DAY), 17, 2),
(78, 'WhatsApp', 'Cliente pediu urgência na produção', 57.8, 0.47, DATE_ADD(DATE_SUB(NOW(), INTERVAL 42 DAY), INTERVAL 5 DAY), 1, DATE_SUB(NOW(), INTERVAL 42 DAY), DATE_SUB(NOW(), INTERVAL 42 DAY), 18, 4),
(79, 'Shopee', 'Pedido com tema pet e nome personalizado', 59.8, 0.64, DATE_ADD(DATE_SUB(NOW(), INTERVAL 41 DAY), INTERVAL 6 DAY), 1, DATE_SUB(NOW(), INTERVAL 41 DAY), DATE_SUB(NOW(), INTERVAL 41 DAY), 19, 2),
(80, 'Mercado Livre', 'Produto destinado a presente de formatura', 129.7, 0.88, DATE_ADD(DATE_SUB(NOW(), INTERVAL 40 DAY), INTERVAL 2 DAY), 1, DATE_SUB(NOW(), INTERVAL 40 DAY), DATE_SUB(NOW(), INTERVAL 40 DAY), 20, 2),
(81, 'Site', 'Cliente pediu ajuste de nome na arte', 54.9, 0.75, DATE_ADD(DATE_SUB(NOW(), INTERVAL 39 DAY), INTERVAL 3 DAY), 1, DATE_SUB(NOW(), INTERVAL 39 DAY), DATE_SUB(NOW(), INTERVAL 39 DAY), 21, 4),
(82, 'Instagram', 'Entrega para aniversário no fim de semana', 109.8, 1.5, DATE_ADD(DATE_SUB(NOW(), INTERVAL 38 DAY), INTERVAL 4 DAY), 1, DATE_SUB(NOW(), INTERVAL 38 DAY), DATE_SUB(NOW(), INTERVAL 38 DAY), 22, 2),
(83, 'WhatsApp', 'Personalização com frase enviada por WhatsApp', 89.8, 0.52, DATE_ADD(DATE_SUB(NOW(), INTERVAL 37 DAY), INTERVAL 5 DAY), 1, DATE_SUB(NOW(), INTERVAL 37 DAY), DATE_SUB(NOW(), INTERVAL 37 DAY), 23, 2),
(84, 'Shopee', 'Pedido com identidade visual da empresa', 59.8, 0.64, DATE_ADD(DATE_SUB(NOW(), INTERVAL 36 DAY), INTERVAL 6 DAY), 1, DATE_SUB(NOW(), INTERVAL 36 DAY), DATE_SUB(NOW(), INTERVAL 36 DAY), 24, 4),
(85, 'Mercado Livre', 'Arte aprovada sem alterações', 219.5, 0.96, DATE_ADD(DATE_SUB(NOW(), INTERVAL 35 DAY), INTERVAL 2 DAY), 1, DATE_SUB(NOW(), INTERVAL 35 DAY), DATE_SUB(NOW(), INTERVAL 35 DAY), 25, 2),
(86, 'Site', 'Cliente solicitou embalagem para presente', 29.9, 0.32, DATE_ADD(DATE_SUB(NOW(), INTERVAL 34 DAY), INTERVAL 3 DAY), 1, DATE_SUB(NOW(), INTERVAL 34 DAY), DATE_SUB(NOW(), INTERVAL 34 DAY), 26, 2),
(87, 'Instagram', 'Pedido para lembrança de evento corporativo', 79.8, 0.9, DATE_ADD(DATE_SUB(NOW(), INTERVAL 33 DAY), INTERVAL 4 DAY), 1, DATE_SUB(NOW(), INTERVAL 33 DAY), DATE_SUB(NOW(), INTERVAL 33 DAY), 27, 4),
(88, 'WhatsApp', 'Cliente pediu urgência na produção', 199.6, 1.12, DATE_ADD(DATE_SUB(NOW(), INTERVAL 32 DAY), INTERVAL 5 DAY), 1, DATE_SUB(NOW(), INTERVAL 32 DAY), DATE_SUB(NOW(), INTERVAL 32 DAY), 28, 2),
(89, 'Shopee', 'Pedido com tema pet e nome personalizado', 137.7, 1.65, DATE_ADD(DATE_SUB(NOW(), INTERVAL 31 DAY), INTERVAL 6 DAY), 1, DATE_SUB(NOW(), INTERVAL 31 DAY), DATE_SUB(NOW(), INTERVAL 31 DAY), 29, 2),
(90, 'Mercado Livre', 'Produto destinado a presente de formatura', 89.7, 0.96, DATE_ADD(DATE_SUB(NOW(), INTERVAL 30 DAY), INTERVAL 2 DAY), 1, DATE_SUB(NOW(), INTERVAL 30 DAY), DATE_SUB(NOW(), INTERVAL 30 DAY), 30, 4),
(91, 'Site', 'Cliente pediu ajuste de nome na arte', 59.8, 0.64, DATE_ADD(DATE_SUB(NOW(), INTERVAL 29 DAY), INTERVAL 3 DAY), 1, DATE_SUB(NOW(), INTERVAL 29 DAY), DATE_SUB(NOW(), INTERVAL 29 DAY), 1, 2),
(92, 'Instagram', 'Entrega para aniversário no fim de semana', 29.9, 0.32, DATE_ADD(DATE_SUB(NOW(), INTERVAL 28 DAY), INTERVAL 4 DAY), 1, DATE_SUB(NOW(), INTERVAL 28 DAY), DATE_SUB(NOW(), INTERVAL 28 DAY), 2, 2),
(93, 'WhatsApp', 'Personalização com frase enviada por WhatsApp', 127.7, 1.15, DATE_ADD(DATE_SUB(NOW(), INTERVAL 27 DAY), INTERVAL 5 DAY), 1, DATE_SUB(NOW(), INTERVAL 27 DAY), DATE_SUB(NOW(), INTERVAL 27 DAY), 3, 4),
(94, 'Shopee', 'Pedido com identidade visual da empresa', 119.7, 1.0, DATE_ADD(DATE_SUB(NOW(), INTERVAL 26 DAY), INTERVAL 6 DAY), 1, DATE_SUB(NOW(), INTERVAL 26 DAY), DATE_SUB(NOW(), INTERVAL 26 DAY), 4, 2),
(95, 'Mercado Livre', 'Arte aprovada sem alterações', 119.7, 1.19, DATE_ADD(DATE_SUB(NOW(), INTERVAL 25 DAY), INTERVAL 2 DAY), 1, DATE_SUB(NOW(), INTERVAL 25 DAY), DATE_SUB(NOW(), INTERVAL 25 DAY), 5, 2),
(96, 'Site', 'Cliente solicitou embalagem para presente', 39.9, 0.18, DATE_ADD(DATE_SUB(NOW(), INTERVAL 24 DAY), INTERVAL 3 DAY), 1, DATE_SUB(NOW(), INTERVAL 24 DAY), DATE_SUB(NOW(), INTERVAL 24 DAY), 6, 4),
(97, 'Instagram', 'Pedido para lembrança de evento corporativo', 39.9, 0.18, DATE_ADD(DATE_SUB(NOW(), INTERVAL 23 DAY), INTERVAL 4 DAY), 1, DATE_SUB(NOW(), INTERVAL 23 DAY), DATE_SUB(NOW(), INTERVAL 23 DAY), 7, 2),
(98, 'WhatsApp', 'Cliente pediu urgência na produção', 59.8, 0.64, DATE_ADD(DATE_SUB(NOW(), INTERVAL 22 DAY), INTERVAL 5 DAY), 1, DATE_SUB(NOW(), INTERVAL 22 DAY), DATE_SUB(NOW(), INTERVAL 22 DAY), 8, 2),
(99, 'Shopee', 'Pedido com tema pet e nome personalizado', 99.7, 0.82, DATE_ADD(DATE_SUB(NOW(), INTERVAL 21 DAY), INTERVAL 6 DAY), 1, DATE_SUB(NOW(), INTERVAL 21 DAY), DATE_SUB(NOW(), INTERVAL 21 DAY), 9, 4),
(100, 'Mercado Livre', 'Produto destinado a presente de formatura', 209.5, 2.14, DATE_ADD(DATE_SUB(NOW(), INTERVAL 20 DAY), INTERVAL 2 DAY), 1, DATE_SUB(NOW(), INTERVAL 20 DAY), DATE_SUB(NOW(), INTERVAL 20 DAY), 10, 2),
(101, 'Site', 'Cliente pediu ajuste de nome na arte', 29.9, 0.32, DATE_ADD(DATE_SUB(NOW(), INTERVAL 19 DAY), INTERVAL 3 DAY), 1, DATE_SUB(NOW(), INTERVAL 19 DAY), DATE_SUB(NOW(), INTERVAL 19 DAY), 11, 2),
(102, 'Instagram', 'Entrega para aniversário no fim de semana', 59.9, 0.2, DATE_ADD(DATE_SUB(NOW(), INTERVAL 18 DAY), INTERVAL 4 DAY), 1, DATE_SUB(NOW(), INTERVAL 18 DAY), DATE_SUB(NOW(), INTERVAL 18 DAY), 12, 4),
(103, 'WhatsApp', 'Personalização com frase enviada por WhatsApp', 79.8, 0.82, DATE_ADD(DATE_SUB(NOW(), INTERVAL 17 DAY), INTERVAL 5 DAY), 1, DATE_SUB(NOW(), INTERVAL 17 DAY), DATE_SUB(NOW(), INTERVAL 17 DAY), 13, 2),
(104, 'Shopee', 'Pedido com identidade visual da empresa', 109.7, 1.14, DATE_ADD(DATE_SUB(NOW(), INTERVAL 16 DAY), INTERVAL 6 DAY), 1, DATE_SUB(NOW(), INTERVAL 16 DAY), DATE_SUB(NOW(), INTERVAL 16 DAY), 14, 2),
(105, 'Mercado Livre', 'Arte aprovada sem alterações', 94.7, 0.76, DATE_ADD(DATE_SUB(NOW(), INTERVAL 15 DAY), INTERVAL 2 DAY), 1, DATE_SUB(NOW(), INTERVAL 15 DAY), DATE_SUB(NOW(), INTERVAL 15 DAY), 15, 4),
(106, 'Site', 'Cliente solicitou embalagem para presente', 69.9, 0.24, DATE_ADD(DATE_SUB(NOW(), INTERVAL 14 DAY), INTERVAL 3 DAY), 1, DATE_SUB(NOW(), INTERVAL 14 DAY), DATE_SUB(NOW(), INTERVAL 14 DAY), 16, 2),
(107, 'Instagram', 'Pedido para lembrança de evento corporativo', 99.8, 1.0, DATE_ADD(DATE_SUB(NOW(), INTERVAL 13 DAY), INTERVAL 4 DAY), 1, DATE_SUB(NOW(), INTERVAL 13 DAY), DATE_SUB(NOW(), INTERVAL 13 DAY), 17, 2),
(108, 'WhatsApp', 'Cliente pediu urgência na produção', 89.8, 0.68, DATE_ADD(DATE_SUB(NOW(), INTERVAL 12 DAY), INTERVAL 5 DAY), 1, DATE_SUB(NOW(), INTERVAL 12 DAY), DATE_SUB(NOW(), INTERVAL 12 DAY), 18, 4),
(109, 'Shopee', 'Pedido com tema pet e nome personalizado', 74.8, 0.66, DATE_ADD(DATE_SUB(NOW(), INTERVAL 11 DAY), INTERVAL 6 DAY), 1, DATE_SUB(NOW(), INTERVAL 11 DAY), DATE_SUB(NOW(), INTERVAL 11 DAY), 19, 2),
(110, 'Mercado Livre', 'Produto destinado a presente de formatura', 104.7, 0.98, DATE_ADD(DATE_SUB(NOW(), INTERVAL 10 DAY), INTERVAL 2 DAY), 1, DATE_SUB(NOW(), INTERVAL 10 DAY), DATE_SUB(NOW(), INTERVAL 10 DAY), 20, 2),
(111, 'Site', 'Cliente pediu ajuste de nome na arte', 29.9, 0.32, DATE_ADD(DATE_SUB(NOW(), INTERVAL 9 DAY), INTERVAL 3 DAY), 1, DATE_SUB(NOW(), INTERVAL 9 DAY), DATE_SUB(NOW(), INTERVAL 9 DAY), 21, 4),
(112, 'Instagram', 'Entrega para aniversário no fim de semana', 59.9, 0.2, DATE_ADD(DATE_SUB(NOW(), INTERVAL 8 DAY), INTERVAL 4 DAY), 1, DATE_SUB(NOW(), INTERVAL 8 DAY), DATE_SUB(NOW(), INTERVAL 8 DAY), 22, 2),
(113, 'WhatsApp', 'Personalização com frase enviada por WhatsApp', 59.8, 0.64, DATE_ADD(DATE_SUB(NOW(), INTERVAL 7 DAY), INTERVAL 5 DAY), 1, DATE_SUB(NOW(), INTERVAL 7 DAY), DATE_SUB(NOW(), INTERVAL 7 DAY), 23, 2),
(114, 'Shopee', 'Pedido com identidade visual da empresa', 84.8, 0.79, DATE_ADD(DATE_SUB(NOW(), INTERVAL 6 DAY), INTERVAL 6 DAY), 1, DATE_SUB(NOW(), INTERVAL 6 DAY), DATE_SUB(NOW(), INTERVAL 6 DAY), 24, 4),
(115, 'Mercado Livre', 'Arte aprovada sem alterações', 99.7, 1.09, DATE_ADD(DATE_SUB(NOW(), INTERVAL 5 DAY), INTERVAL 2 DAY), 1, DATE_SUB(NOW(), INTERVAL 5 DAY), DATE_SUB(NOW(), INTERVAL 5 DAY), 25, 2),
(116, 'Site', 'Cliente solicitou embalagem para presente', 69.8, 0.24, DATE_ADD(DATE_SUB(NOW(), INTERVAL 4 DAY), INTERVAL 3 DAY), 1, DATE_SUB(NOW(), INTERVAL 4 DAY), DATE_SUB(NOW(), INTERVAL 4 DAY), 26, 2),
(117, 'Instagram', 'Pedido para lembrança de evento corporativo', 99.8, 1.0, DATE_ADD(DATE_SUB(NOW(), INTERVAL 3 DAY), INTERVAL 4 DAY), 1, DATE_SUB(NOW(), INTERVAL 3 DAY), DATE_SUB(NOW(), INTERVAL 3 DAY), 27, 4),
(118, 'WhatsApp', 'Cliente pediu urgência na produção', 59.8, 0.64, DATE_ADD(DATE_SUB(NOW(), INTERVAL 2 DAY), INTERVAL 5 DAY), 1, DATE_SUB(NOW(), INTERVAL 2 DAY), DATE_SUB(NOW(), INTERVAL 2 DAY), 28, 2),
(119, 'Shopee', 'Pedido com tema pet e nome personalizado', 87.7, 0.79, DATE_ADD(DATE_SUB(NOW(), INTERVAL 1 DAY), INTERVAL 6 DAY), 1, DATE_SUB(NOW(), INTERVAL 1 DAY), DATE_SUB(NOW(), INTERVAL 1 DAY), 29, 2),
(120, 'Mercado Livre', 'Produto destinado a presente de formatura', 99.7, 0.82, DATE_ADD(DATE_SUB(NOW(), INTERVAL 0 DAY), INTERVAL 2 DAY), 1, DATE_SUB(NOW(), INTERVAL 0 DAY), DATE_SUB(NOW(), INTERVAL 0 DAY), 30, 4);

INSERT INTO pedido_status_pedido (id, status_atual, created_at, updated_at, pedido_id, status_id) VALUES
(1, 1, DATE_SUB(NOW(), INTERVAL 119 DAY), DATE_SUB(NOW(), INTERVAL 119 DAY), 1, 1),
(2, 1, DATE_SUB(NOW(), INTERVAL 118 DAY), DATE_SUB(NOW(), INTERVAL 118 DAY), 2, 6),
(3, 1, DATE_SUB(NOW(), INTERVAL 117 DAY), DATE_SUB(NOW(), INTERVAL 117 DAY), 3, 7),
(4, 1, DATE_SUB(NOW(), INTERVAL 116 DAY), DATE_SUB(NOW(), INTERVAL 116 DAY), 4, 8),
(5, 1, DATE_SUB(NOW(), INTERVAL 115 DAY), DATE_SUB(NOW(), INTERVAL 115 DAY), 5, 7),
(6, 1, DATE_SUB(NOW(), INTERVAL 114 DAY), DATE_SUB(NOW(), INTERVAL 114 DAY), 6, 3),
(7, 1, DATE_SUB(NOW(), INTERVAL 113 DAY), DATE_SUB(NOW(), INTERVAL 113 DAY), 7, 7),
(8, 1, DATE_SUB(NOW(), INTERVAL 112 DAY), DATE_SUB(NOW(), INTERVAL 112 DAY), 8, 6),
(9, 1, DATE_SUB(NOW(), INTERVAL 111 DAY), DATE_SUB(NOW(), INTERVAL 111 DAY), 9, 7),
(10, 1, DATE_SUB(NOW(), INTERVAL 110 DAY), DATE_SUB(NOW(), INTERVAL 110 DAY), 10, 7),
(11, 1, DATE_SUB(NOW(), INTERVAL 109 DAY), DATE_SUB(NOW(), INTERVAL 109 DAY), 11, 4),
(12, 1, DATE_SUB(NOW(), INTERVAL 108 DAY), DATE_SUB(NOW(), INTERVAL 108 DAY), 12, 6),
(13, 1, DATE_SUB(NOW(), INTERVAL 107 DAY), DATE_SUB(NOW(), INTERVAL 107 DAY), 13, 6),
(14, 1, DATE_SUB(NOW(), INTERVAL 106 DAY), DATE_SUB(NOW(), INTERVAL 106 DAY), 14, 3),
(15, 1, DATE_SUB(NOW(), INTERVAL 105 DAY), DATE_SUB(NOW(), INTERVAL 105 DAY), 15, 2),
(16, 1, DATE_SUB(NOW(), INTERVAL 104 DAY), DATE_SUB(NOW(), INTERVAL 104 DAY), 16, 5),
(17, 1, DATE_SUB(NOW(), INTERVAL 103 DAY), DATE_SUB(NOW(), INTERVAL 103 DAY), 17, 6),
(18, 1, DATE_SUB(NOW(), INTERVAL 102 DAY), DATE_SUB(NOW(), INTERVAL 102 DAY), 18, 7),
(19, 1, DATE_SUB(NOW(), INTERVAL 101 DAY), DATE_SUB(NOW(), INTERVAL 101 DAY), 19, 4),
(20, 1, DATE_SUB(NOW(), INTERVAL 100 DAY), DATE_SUB(NOW(), INTERVAL 100 DAY), 20, 5),
(21, 1, DATE_SUB(NOW(), INTERVAL 99 DAY), DATE_SUB(NOW(), INTERVAL 99 DAY), 21, 1),
(22, 1, DATE_SUB(NOW(), INTERVAL 98 DAY), DATE_SUB(NOW(), INTERVAL 98 DAY), 22, 4),
(23, 1, DATE_SUB(NOW(), INTERVAL 97 DAY), DATE_SUB(NOW(), INTERVAL 97 DAY), 23, 7),
(24, 1, DATE_SUB(NOW(), INTERVAL 96 DAY), DATE_SUB(NOW(), INTERVAL 96 DAY), 24, 7),
(25, 1, DATE_SUB(NOW(), INTERVAL 95 DAY), DATE_SUB(NOW(), INTERVAL 95 DAY), 25, 1),
(26, 1, DATE_SUB(NOW(), INTERVAL 94 DAY), DATE_SUB(NOW(), INTERVAL 94 DAY), 26, 1),
(27, 1, DATE_SUB(NOW(), INTERVAL 93 DAY), DATE_SUB(NOW(), INTERVAL 93 DAY), 27, 6),
(28, 1, DATE_SUB(NOW(), INTERVAL 92 DAY), DATE_SUB(NOW(), INTERVAL 92 DAY), 28, 5),
(29, 1, DATE_SUB(NOW(), INTERVAL 91 DAY), DATE_SUB(NOW(), INTERVAL 91 DAY), 29, 3),
(30, 1, DATE_SUB(NOW(), INTERVAL 90 DAY), DATE_SUB(NOW(), INTERVAL 90 DAY), 30, 6),
(31, 1, DATE_SUB(NOW(), INTERVAL 89 DAY), DATE_SUB(NOW(), INTERVAL 89 DAY), 31, 2),
(32, 1, DATE_SUB(NOW(), INTERVAL 88 DAY), DATE_SUB(NOW(), INTERVAL 88 DAY), 32, 4),
(33, 1, DATE_SUB(NOW(), INTERVAL 87 DAY), DATE_SUB(NOW(), INTERVAL 87 DAY), 33, 4),
(34, 1, DATE_SUB(NOW(), INTERVAL 86 DAY), DATE_SUB(NOW(), INTERVAL 86 DAY), 34, 4),
(35, 1, DATE_SUB(NOW(), INTERVAL 85 DAY), DATE_SUB(NOW(), INTERVAL 85 DAY), 35, 5),
(36, 1, DATE_SUB(NOW(), INTERVAL 84 DAY), DATE_SUB(NOW(), INTERVAL 84 DAY), 36, 4),
(37, 1, DATE_SUB(NOW(), INTERVAL 83 DAY), DATE_SUB(NOW(), INTERVAL 83 DAY), 37, 5),
(38, 1, DATE_SUB(NOW(), INTERVAL 82 DAY), DATE_SUB(NOW(), INTERVAL 82 DAY), 38, 3),
(39, 1, DATE_SUB(NOW(), INTERVAL 81 DAY), DATE_SUB(NOW(), INTERVAL 81 DAY), 39, 4),
(40, 1, DATE_SUB(NOW(), INTERVAL 80 DAY), DATE_SUB(NOW(), INTERVAL 80 DAY), 40, 4),
(41, 1, DATE_SUB(NOW(), INTERVAL 79 DAY), DATE_SUB(NOW(), INTERVAL 79 DAY), 41, 4),
(42, 1, DATE_SUB(NOW(), INTERVAL 78 DAY), DATE_SUB(NOW(), INTERVAL 78 DAY), 42, 4),
(43, 1, DATE_SUB(NOW(), INTERVAL 77 DAY), DATE_SUB(NOW(), INTERVAL 77 DAY), 43, 6),
(44, 1, DATE_SUB(NOW(), INTERVAL 76 DAY), DATE_SUB(NOW(), INTERVAL 76 DAY), 44, 3),
(45, 1, DATE_SUB(NOW(), INTERVAL 75 DAY), DATE_SUB(NOW(), INTERVAL 75 DAY), 45, 5),
(46, 1, DATE_SUB(NOW(), INTERVAL 74 DAY), DATE_SUB(NOW(), INTERVAL 74 DAY), 46, 5),
(47, 1, DATE_SUB(NOW(), INTERVAL 73 DAY), DATE_SUB(NOW(), INTERVAL 73 DAY), 47, 3),
(48, 1, DATE_SUB(NOW(), INTERVAL 72 DAY), DATE_SUB(NOW(), INTERVAL 72 DAY), 48, 4),
(49, 1, DATE_SUB(NOW(), INTERVAL 71 DAY), DATE_SUB(NOW(), INTERVAL 71 DAY), 49, 7),
(50, 1, DATE_SUB(NOW(), INTERVAL 70 DAY), DATE_SUB(NOW(), INTERVAL 70 DAY), 50, 8),
(51, 1, DATE_SUB(NOW(), INTERVAL 69 DAY), DATE_SUB(NOW(), INTERVAL 69 DAY), 51, 3),
(52, 1, DATE_SUB(NOW(), INTERVAL 68 DAY), DATE_SUB(NOW(), INTERVAL 68 DAY), 52, 1),
(53, 1, DATE_SUB(NOW(), INTERVAL 67 DAY), DATE_SUB(NOW(), INTERVAL 67 DAY), 53, 4),
(54, 1, DATE_SUB(NOW(), INTERVAL 66 DAY), DATE_SUB(NOW(), INTERVAL 66 DAY), 54, 6),
(55, 1, DATE_SUB(NOW(), INTERVAL 65 DAY), DATE_SUB(NOW(), INTERVAL 65 DAY), 55, 2),
(56, 1, DATE_SUB(NOW(), INTERVAL 64 DAY), DATE_SUB(NOW(), INTERVAL 64 DAY), 56, 4),
(57, 1, DATE_SUB(NOW(), INTERVAL 63 DAY), DATE_SUB(NOW(), INTERVAL 63 DAY), 57, 8),
(58, 1, DATE_SUB(NOW(), INTERVAL 62 DAY), DATE_SUB(NOW(), INTERVAL 62 DAY), 58, 4),
(59, 1, DATE_SUB(NOW(), INTERVAL 61 DAY), DATE_SUB(NOW(), INTERVAL 61 DAY), 59, 1),
(60, 1, DATE_SUB(NOW(), INTERVAL 60 DAY), DATE_SUB(NOW(), INTERVAL 60 DAY), 60, 7),
(61, 1, DATE_SUB(NOW(), INTERVAL 59 DAY), DATE_SUB(NOW(), INTERVAL 59 DAY), 61, 5),
(62, 1, DATE_SUB(NOW(), INTERVAL 58 DAY), DATE_SUB(NOW(), INTERVAL 58 DAY), 62, 5),
(63, 1, DATE_SUB(NOW(), INTERVAL 57 DAY), DATE_SUB(NOW(), INTERVAL 57 DAY), 63, 3),
(64, 1, DATE_SUB(NOW(), INTERVAL 56 DAY), DATE_SUB(NOW(), INTERVAL 56 DAY), 64, 4),
(65, 1, DATE_SUB(NOW(), INTERVAL 55 DAY), DATE_SUB(NOW(), INTERVAL 55 DAY), 65, 3),
(66, 1, DATE_SUB(NOW(), INTERVAL 54 DAY), DATE_SUB(NOW(), INTERVAL 54 DAY), 66, 2),
(67, 1, DATE_SUB(NOW(), INTERVAL 53 DAY), DATE_SUB(NOW(), INTERVAL 53 DAY), 67, 5),
(68, 1, DATE_SUB(NOW(), INTERVAL 52 DAY), DATE_SUB(NOW(), INTERVAL 52 DAY), 68, 2),
(69, 1, DATE_SUB(NOW(), INTERVAL 51 DAY), DATE_SUB(NOW(), INTERVAL 51 DAY), 69, 4),
(70, 1, DATE_SUB(NOW(), INTERVAL 50 DAY), DATE_SUB(NOW(), INTERVAL 50 DAY), 70, 1),
(71, 1, DATE_SUB(NOW(), INTERVAL 49 DAY), DATE_SUB(NOW(), INTERVAL 49 DAY), 71, 3),
(72, 1, DATE_SUB(NOW(), INTERVAL 48 DAY), DATE_SUB(NOW(), INTERVAL 48 DAY), 72, 4),
(73, 1, DATE_SUB(NOW(), INTERVAL 47 DAY), DATE_SUB(NOW(), INTERVAL 47 DAY), 73, 4),
(74, 1, DATE_SUB(NOW(), INTERVAL 46 DAY), DATE_SUB(NOW(), INTERVAL 46 DAY), 74, 2),
(75, 1, DATE_SUB(NOW(), INTERVAL 45 DAY), DATE_SUB(NOW(), INTERVAL 45 DAY), 75, 4),
(76, 1, DATE_SUB(NOW(), INTERVAL 44 DAY), DATE_SUB(NOW(), INTERVAL 44 DAY), 76, 7),
(77, 1, DATE_SUB(NOW(), INTERVAL 43 DAY), DATE_SUB(NOW(), INTERVAL 43 DAY), 77, 8),
(78, 1, DATE_SUB(NOW(), INTERVAL 42 DAY), DATE_SUB(NOW(), INTERVAL 42 DAY), 78, 8),
(79, 1, DATE_SUB(NOW(), INTERVAL 41 DAY), DATE_SUB(NOW(), INTERVAL 41 DAY), 79, 7),
(80, 1, DATE_SUB(NOW(), INTERVAL 40 DAY), DATE_SUB(NOW(), INTERVAL 40 DAY), 80, 2),
(81, 1, DATE_SUB(NOW(), INTERVAL 39 DAY), DATE_SUB(NOW(), INTERVAL 39 DAY), 81, 6),
(82, 1, DATE_SUB(NOW(), INTERVAL 38 DAY), DATE_SUB(NOW(), INTERVAL 38 DAY), 82, 4),
(83, 1, DATE_SUB(NOW(), INTERVAL 37 DAY), DATE_SUB(NOW(), INTERVAL 37 DAY), 83, 7),
(84, 1, DATE_SUB(NOW(), INTERVAL 36 DAY), DATE_SUB(NOW(), INTERVAL 36 DAY), 84, 2),
(85, 1, DATE_SUB(NOW(), INTERVAL 35 DAY), DATE_SUB(NOW(), INTERVAL 35 DAY), 85, 1),
(86, 1, DATE_SUB(NOW(), INTERVAL 34 DAY), DATE_SUB(NOW(), INTERVAL 34 DAY), 86, 8),
(87, 1, DATE_SUB(NOW(), INTERVAL 33 DAY), DATE_SUB(NOW(), INTERVAL 33 DAY), 87, 7),
(88, 1, DATE_SUB(NOW(), INTERVAL 32 DAY), DATE_SUB(NOW(), INTERVAL 32 DAY), 88, 4),
(89, 1, DATE_SUB(NOW(), INTERVAL 31 DAY), DATE_SUB(NOW(), INTERVAL 31 DAY), 89, 8),
(90, 1, DATE_SUB(NOW(), INTERVAL 30 DAY), DATE_SUB(NOW(), INTERVAL 30 DAY), 90, 4),
(91, 1, DATE_SUB(NOW(), INTERVAL 29 DAY), DATE_SUB(NOW(), INTERVAL 29 DAY), 91, 7),
(92, 1, DATE_SUB(NOW(), INTERVAL 28 DAY), DATE_SUB(NOW(), INTERVAL 28 DAY), 92, 6),
(93, 1, DATE_SUB(NOW(), INTERVAL 27 DAY), DATE_SUB(NOW(), INTERVAL 27 DAY), 93, 6),
(94, 1, DATE_SUB(NOW(), INTERVAL 26 DAY), DATE_SUB(NOW(), INTERVAL 26 DAY), 94, 6),
(95, 1, DATE_SUB(NOW(), INTERVAL 25 DAY), DATE_SUB(NOW(), INTERVAL 25 DAY), 95, 3),
(96, 1, DATE_SUB(NOW(), INTERVAL 24 DAY), DATE_SUB(NOW(), INTERVAL 24 DAY), 96, 5),
(97, 1, DATE_SUB(NOW(), INTERVAL 23 DAY), DATE_SUB(NOW(), INTERVAL 23 DAY), 97, 7),
(98, 1, DATE_SUB(NOW(), INTERVAL 22 DAY), DATE_SUB(NOW(), INTERVAL 22 DAY), 98, 6),
(99, 1, DATE_SUB(NOW(), INTERVAL 21 DAY), DATE_SUB(NOW(), INTERVAL 21 DAY), 99, 5),
(100, 1, DATE_SUB(NOW(), INTERVAL 20 DAY), DATE_SUB(NOW(), INTERVAL 20 DAY), 100, 3),
(101, 1, DATE_SUB(NOW(), INTERVAL 19 DAY), DATE_SUB(NOW(), INTERVAL 19 DAY), 101, 3),
(102, 1, DATE_SUB(NOW(), INTERVAL 18 DAY), DATE_SUB(NOW(), INTERVAL 18 DAY), 102, 7),
(103, 1, DATE_SUB(NOW(), INTERVAL 17 DAY), DATE_SUB(NOW(), INTERVAL 17 DAY), 103, 8),
(104, 1, DATE_SUB(NOW(), INTERVAL 16 DAY), DATE_SUB(NOW(), INTERVAL 16 DAY), 104, 1),
(105, 1, DATE_SUB(NOW(), INTERVAL 15 DAY), DATE_SUB(NOW(), INTERVAL 15 DAY), 105, 4),
(106, 1, DATE_SUB(NOW(), INTERVAL 14 DAY), DATE_SUB(NOW(), INTERVAL 14 DAY), 106, 5),
(107, 1, DATE_SUB(NOW(), INTERVAL 13 DAY), DATE_SUB(NOW(), INTERVAL 13 DAY), 107, 2),
(108, 1, DATE_SUB(NOW(), INTERVAL 12 DAY), DATE_SUB(NOW(), INTERVAL 12 DAY), 108, 5),
(109, 1, DATE_SUB(NOW(), INTERVAL 11 DAY), DATE_SUB(NOW(), INTERVAL 11 DAY), 109, 8),
(110, 1, DATE_SUB(NOW(), INTERVAL 10 DAY), DATE_SUB(NOW(), INTERVAL 10 DAY), 110, 6),
(111, 1, DATE_SUB(NOW(), INTERVAL 9 DAY), DATE_SUB(NOW(), INTERVAL 9 DAY), 111, 2),
(112, 1, DATE_SUB(NOW(), INTERVAL 8 DAY), DATE_SUB(NOW(), INTERVAL 8 DAY), 112, 8),
(113, 1, DATE_SUB(NOW(), INTERVAL 7 DAY), DATE_SUB(NOW(), INTERVAL 7 DAY), 113, 2),
(114, 1, DATE_SUB(NOW(), INTERVAL 6 DAY), DATE_SUB(NOW(), INTERVAL 6 DAY), 114, 3),
(115, 1, DATE_SUB(NOW(), INTERVAL 5 DAY), DATE_SUB(NOW(), INTERVAL 5 DAY), 115, 3),
(116, 1, DATE_SUB(NOW(), INTERVAL 4 DAY), DATE_SUB(NOW(), INTERVAL 4 DAY), 116, 3),
(117, 1, DATE_SUB(NOW(), INTERVAL 3 DAY), DATE_SUB(NOW(), INTERVAL 3 DAY), 117, 7),
(118, 1, DATE_SUB(NOW(), INTERVAL 2 DAY), DATE_SUB(NOW(), INTERVAL 2 DAY), 118, 1),
(119, 1, DATE_SUB(NOW(), INTERVAL 1 DAY), DATE_SUB(NOW(), INTERVAL 1 DAY), 119, 2),
(120, 1, DATE_SUB(NOW(), INTERVAL 0 DAY), DATE_SUB(NOW(), INTERVAL 0 DAY), 120, 6);

INSERT INTO produto_pedido (id, qtd_produto, preco_unitario, preco_total, peso_unitario, peso_total, created_at, updated_at, pedido_id, produto_id) VALUES
(1, 1, 29.9, 29.9, 0.32, 0.32, DATE_SUB(NOW(), INTERVAL 119 DAY), DATE_SUB(NOW(), INTERVAL 119 DAY), 1, 5),
(2, 1, 39.9, 39.9, 0.18, 0.18, DATE_SUB(NOW(), INTERVAL 118 DAY), DATE_SUB(NOW(), INTERVAL 118 DAY), 2, 17),
(3, 1, 54.9, 54.9, 0.75, 0.75, DATE_SUB(NOW(), INTERVAL 117 DAY), DATE_SUB(NOW(), INTERVAL 117 DAY), 3, 16),
(4, 1, 29.9, 29.9, 0.32, 0.32, DATE_SUB(NOW(), INTERVAL 117 DAY), DATE_SUB(NOW(), INTERVAL 117 DAY), 3, 3),
(5, 1, 29.9, 29.9, 0.32, 0.32, DATE_SUB(NOW(), INTERVAL 116 DAY), DATE_SUB(NOW(), INTERVAL 116 DAY), 4, 2),
(6, 1, 29.9, 29.9, 0.32, 0.32, DATE_SUB(NOW(), INTERVAL 116 DAY), DATE_SUB(NOW(), INTERVAL 116 DAY), 4, 4),
(7, 1, 29.9, 29.9, 0.32, 0.32, DATE_SUB(NOW(), INTERVAL 115 DAY), DATE_SUB(NOW(), INTERVAL 115 DAY), 5, 5),
(8, 1, 29.9, 29.9, 0.32, 0.32, DATE_SUB(NOW(), INTERVAL 115 DAY), DATE_SUB(NOW(), INTERVAL 115 DAY), 5, 6),
(9, 1, 69.9, 69.9, 0.24, 0.24, DATE_SUB(NOW(), INTERVAL 115 DAY), DATE_SUB(NOW(), INTERVAL 115 DAY), 5, 14),
(10, 1, 34.9, 34.9, 0.12, 0.12, DATE_SUB(NOW(), INTERVAL 114 DAY), DATE_SUB(NOW(), INTERVAL 114 DAY), 6, 20),
(11, 1, 29.9, 29.9, 0.32, 0.32, DATE_SUB(NOW(), INTERVAL 113 DAY), DATE_SUB(NOW(), INTERVAL 113 DAY), 7, 3),
(12, 2, 59.9, 119.8, 0.2, 0.4, DATE_SUB(NOW(), INTERVAL 112 DAY), DATE_SUB(NOW(), INTERVAL 112 DAY), 8, 13),
(13, 2, 34.9, 69.8, 0.12, 0.24, DATE_SUB(NOW(), INTERVAL 112 DAY), DATE_SUB(NOW(), INTERVAL 112 DAY), 8, 20),
(14, 1, 34.9, 34.9, 0.12, 0.12, DATE_SUB(NOW(), INTERVAL 111 DAY), DATE_SUB(NOW(), INTERVAL 111 DAY), 9, 20),
(15, 1, 39.9, 39.9, 0.45, 0.45, DATE_SUB(NOW(), INTERVAL 111 DAY), DATE_SUB(NOW(), INTERVAL 111 DAY), 9, 15),
(16, 1, 39.9, 39.9, 0.18, 0.18, DATE_SUB(NOW(), INTERVAL 110 DAY), DATE_SUB(NOW(), INTERVAL 110 DAY), 10, 17),
(17, 1, 29.9, 29.9, 0.32, 0.32, DATE_SUB(NOW(), INTERVAL 110 DAY), DATE_SUB(NOW(), INTERVAL 110 DAY), 10, 9),
(18, 2, 27.9, 55.8, 0.15, 0.3, DATE_SUB(NOW(), INTERVAL 110 DAY), DATE_SUB(NOW(), INTERVAL 110 DAY), 10, 18),
(19, 1, 29.9, 29.9, 0.32, 0.32, DATE_SUB(NOW(), INTERVAL 109 DAY), DATE_SUB(NOW(), INTERVAL 109 DAY), 11, 1),
(20, 1, 29.9, 29.9, 0.32, 0.32, DATE_SUB(NOW(), INTERVAL 108 DAY), DATE_SUB(NOW(), INTERVAL 108 DAY), 12, 4),
(21, 1, 27.9, 27.9, 0.15, 0.15, DATE_SUB(NOW(), INTERVAL 107 DAY), DATE_SUB(NOW(), INTERVAL 107 DAY), 13, 18),
(22, 1, 29.9, 29.9, 0.32, 0.32, DATE_SUB(NOW(), INTERVAL 107 DAY), DATE_SUB(NOW(), INTERVAL 107 DAY), 13, 9),
(23, 1, 44.9, 44.9, 0.34, 0.34, DATE_SUB(NOW(), INTERVAL 106 DAY), DATE_SUB(NOW(), INTERVAL 106 DAY), 14, 11),
(24, 1, 29.9, 29.9, 0.32, 0.32, DATE_SUB(NOW(), INTERVAL 106 DAY), DATE_SUB(NOW(), INTERVAL 106 DAY), 14, 4),
(25, 1, 29.9, 29.9, 0.32, 0.32, DATE_SUB(NOW(), INTERVAL 105 DAY), DATE_SUB(NOW(), INTERVAL 105 DAY), 15, 10),
(26, 1, 69.9, 69.9, 0.24, 0.24, DATE_SUB(NOW(), INTERVAL 105 DAY), DATE_SUB(NOW(), INTERVAL 105 DAY), 15, 14),
(27, 2, 29.9, 59.8, 0.32, 0.64, DATE_SUB(NOW(), INTERVAL 105 DAY), DATE_SUB(NOW(), INTERVAL 105 DAY), 15, 6),
(28, 1, 39.9, 39.9, 0.45, 0.45, DATE_SUB(NOW(), INTERVAL 104 DAY), DATE_SUB(NOW(), INTERVAL 104 DAY), 16, 15),
(29, 1, 29.9, 29.9, 0.32, 0.32, DATE_SUB(NOW(), INTERVAL 103 DAY), DATE_SUB(NOW(), INTERVAL 103 DAY), 17, 1),
(30, 1, 29.9, 29.9, 0.32, 0.32, DATE_SUB(NOW(), INTERVAL 102 DAY), DATE_SUB(NOW(), INTERVAL 102 DAY), 18, 9),
(31, 2, 39.9, 79.8, 0.18, 0.36, DATE_SUB(NOW(), INTERVAL 102 DAY), DATE_SUB(NOW(), INTERVAL 102 DAY), 18, 17),
(32, 1, 29.9, 29.9, 0.32, 0.32, DATE_SUB(NOW(), INTERVAL 101 DAY), DATE_SUB(NOW(), INTERVAL 101 DAY), 19, 6),
(33, 1, 39.9, 39.9, 0.18, 0.18, DATE_SUB(NOW(), INTERVAL 101 DAY), DATE_SUB(NOW(), INTERVAL 101 DAY), 19, 17),
(34, 1, 29.9, 29.9, 0.32, 0.32, DATE_SUB(NOW(), INTERVAL 100 DAY), DATE_SUB(NOW(), INTERVAL 100 DAY), 20, 4),
(35, 1, 29.9, 29.9, 0.32, 0.32, DATE_SUB(NOW(), INTERVAL 100 DAY), DATE_SUB(NOW(), INTERVAL 100 DAY), 20, 10),
(36, 1, 39.9, 39.9, 0.18, 0.18, DATE_SUB(NOW(), INTERVAL 100 DAY), DATE_SUB(NOW(), INTERVAL 100 DAY), 20, 17),
(37, 1, 34.9, 34.9, 0.12, 0.12, DATE_SUB(NOW(), INTERVAL 99 DAY), DATE_SUB(NOW(), INTERVAL 99 DAY), 21, 20),
(38, 1, 29.9, 29.9, 0.32, 0.32, DATE_SUB(NOW(), INTERVAL 98 DAY), DATE_SUB(NOW(), INTERVAL 98 DAY), 22, 7),
(39, 2, 29.9, 59.8, 0.32, 0.64, DATE_SUB(NOW(), INTERVAL 97 DAY), DATE_SUB(NOW(), INTERVAL 97 DAY), 23, 5),
(40, 2, 59.9, 119.8, 0.2, 0.4, DATE_SUB(NOW(), INTERVAL 97 DAY), DATE_SUB(NOW(), INTERVAL 97 DAY), 23, 12),
(41, 1, 29.9, 29.9, 0.32, 0.32, DATE_SUB(NOW(), INTERVAL 96 DAY), DATE_SUB(NOW(), INTERVAL 96 DAY), 24, 6),
(42, 2, 27.9, 55.8, 0.15, 0.3, DATE_SUB(NOW(), INTERVAL 96 DAY), DATE_SUB(NOW(), INTERVAL 96 DAY), 24, 18),
(43, 2, 39.9, 79.8, 0.18, 0.36, DATE_SUB(NOW(), INTERVAL 95 DAY), DATE_SUB(NOW(), INTERVAL 95 DAY), 25, 17),
(44, 1, 29.9, 29.9, 0.32, 0.32, DATE_SUB(NOW(), INTERVAL 95 DAY), DATE_SUB(NOW(), INTERVAL 95 DAY), 25, 1),
(45, 1, 44.9, 44.9, 0.34, 0.34, DATE_SUB(NOW(), INTERVAL 95 DAY), DATE_SUB(NOW(), INTERVAL 95 DAY), 25, 11),
(46, 2, 54.9, 109.8, 0.75, 1.5, DATE_SUB(NOW(), INTERVAL 94 DAY), DATE_SUB(NOW(), INTERVAL 94 DAY), 26, 16),
(47, 2, 29.9, 59.8, 0.32, 0.64, DATE_SUB(NOW(), INTERVAL 93 DAY), DATE_SUB(NOW(), INTERVAL 93 DAY), 27, 1),
(48, 1, 29.9, 29.9, 0.32, 0.32, DATE_SUB(NOW(), INTERVAL 92 DAY), DATE_SUB(NOW(), INTERVAL 92 DAY), 28, 4),
(49, 1, 59.9, 59.9, 0.2, 0.2, DATE_SUB(NOW(), INTERVAL 92 DAY), DATE_SUB(NOW(), INTERVAL 92 DAY), 28, 12),
(50, 1, 29.9, 29.9, 0.32, 0.32, DATE_SUB(NOW(), INTERVAL 91 DAY), DATE_SUB(NOW(), INTERVAL 91 DAY), 29, 10),
(51, 1, 29.9, 29.9, 0.32, 0.32, DATE_SUB(NOW(), INTERVAL 91 DAY), DATE_SUB(NOW(), INTERVAL 91 DAY), 29, 8),
(52, 1, 29.9, 29.9, 0.32, 0.32, DATE_SUB(NOW(), INTERVAL 90 DAY), DATE_SUB(NOW(), INTERVAL 90 DAY), 30, 2),
(53, 1, 29.9, 29.9, 0.32, 0.32, DATE_SUB(NOW(), INTERVAL 90 DAY), DATE_SUB(NOW(), INTERVAL 90 DAY), 30, 8),
(54, 1, 29.9, 29.9, 0.32, 0.32, DATE_SUB(NOW(), INTERVAL 90 DAY), DATE_SUB(NOW(), INTERVAL 90 DAY), 30, 3),
(55, 2, 29.9, 59.8, 0.32, 0.64, DATE_SUB(NOW(), INTERVAL 89 DAY), DATE_SUB(NOW(), INTERVAL 89 DAY), 31, 3),
(56, 1, 54.9, 54.9, 0.75, 0.75, DATE_SUB(NOW(), INTERVAL 88 DAY), DATE_SUB(NOW(), INTERVAL 88 DAY), 32, 16),
(57, 1, 29.9, 29.9, 0.32, 0.32, DATE_SUB(NOW(), INTERVAL 87 DAY), DATE_SUB(NOW(), INTERVAL 87 DAY), 33, 3),
(58, 2, 27.9, 55.8, 0.15, 0.3, DATE_SUB(NOW(), INTERVAL 87 DAY), DATE_SUB(NOW(), INTERVAL 87 DAY), 33, 18),
(59, 1, 29.9, 29.9, 0.32, 0.32, DATE_SUB(NOW(), INTERVAL 86 DAY), DATE_SUB(NOW(), INTERVAL 86 DAY), 34, 5),
(60, 1, 34.9, 34.9, 0.12, 0.12, DATE_SUB(NOW(), INTERVAL 86 DAY), DATE_SUB(NOW(), INTERVAL 86 DAY), 34, 20),
(61, 2, 54.9, 109.8, 0.75, 1.5, DATE_SUB(NOW(), INTERVAL 85 DAY), DATE_SUB(NOW(), INTERVAL 85 DAY), 35, 16),
(62, 1, 27.9, 27.9, 0.15, 0.15, DATE_SUB(NOW(), INTERVAL 85 DAY), DATE_SUB(NOW(), INTERVAL 85 DAY), 35, 18),
(63, 1, 29.9, 29.9, 0.32, 0.32, DATE_SUB(NOW(), INTERVAL 85 DAY), DATE_SUB(NOW(), INTERVAL 85 DAY), 35, 6),
(64, 1, 29.9, 29.9, 0.32, 0.32, DATE_SUB(NOW(), INTERVAL 84 DAY), DATE_SUB(NOW(), INTERVAL 84 DAY), 36, 9),
(65, 1, 39.9, 39.9, 0.18, 0.18, DATE_SUB(NOW(), INTERVAL 83 DAY), DATE_SUB(NOW(), INTERVAL 83 DAY), 37, 17),
(66, 1, 34.9, 34.9, 0.12, 0.12, DATE_SUB(NOW(), INTERVAL 82 DAY), DATE_SUB(NOW(), INTERVAL 82 DAY), 38, 20),
(67, 1, 69.9, 69.9, 0.24, 0.24, DATE_SUB(NOW(), INTERVAL 82 DAY), DATE_SUB(NOW(), INTERVAL 82 DAY), 38, 14),
(68, 1, 29.9, 29.9, 0.32, 0.32, DATE_SUB(NOW(), INTERVAL 81 DAY), DATE_SUB(NOW(), INTERVAL 81 DAY), 39, 7),
(69, 1, 27.9, 27.9, 0.15, 0.15, DATE_SUB(NOW(), INTERVAL 81 DAY), DATE_SUB(NOW(), INTERVAL 81 DAY), 39, 18),
(70, 1, 29.9, 29.9, 0.32, 0.32, DATE_SUB(NOW(), INTERVAL 80 DAY), DATE_SUB(NOW(), INTERVAL 80 DAY), 40, 7),
(71, 1, 29.9, 29.9, 0.32, 0.32, DATE_SUB(NOW(), INTERVAL 80 DAY), DATE_SUB(NOW(), INTERVAL 80 DAY), 40, 10),
(72, 1, 59.9, 59.9, 0.2, 0.2, DATE_SUB(NOW(), INTERVAL 80 DAY), DATE_SUB(NOW(), INTERVAL 80 DAY), 40, 13),
(73, 1, 59.9, 59.9, 0.2, 0.2, DATE_SUB(NOW(), INTERVAL 79 DAY), DATE_SUB(NOW(), INTERVAL 79 DAY), 41, 12),
(74, 1, 39.9, 39.9, 0.45, 0.45, DATE_SUB(NOW(), INTERVAL 78 DAY), DATE_SUB(NOW(), INTERVAL 78 DAY), 42, 15),
(75, 1, 39.9, 39.9, 0.18, 0.18, DATE_SUB(NOW(), INTERVAL 77 DAY), DATE_SUB(NOW(), INTERVAL 77 DAY), 43, 17),
(76, 1, 39.9, 39.9, 0.45, 0.45, DATE_SUB(NOW(), INTERVAL 77 DAY), DATE_SUB(NOW(), INTERVAL 77 DAY), 43, 15),
(77, 1, 29.9, 29.9, 0.32, 0.32, DATE_SUB(NOW(), INTERVAL 76 DAY), DATE_SUB(NOW(), INTERVAL 76 DAY), 44, 4),
(78, 1, 29.9, 29.9, 0.32, 0.32, DATE_SUB(NOW(), INTERVAL 76 DAY), DATE_SUB(NOW(), INTERVAL 76 DAY), 44, 8),
(79, 1, 29.9, 29.9, 0.32, 0.32, DATE_SUB(NOW(), INTERVAL 75 DAY), DATE_SUB(NOW(), INTERVAL 75 DAY), 45, 8),
(80, 1, 29.9, 29.9, 0.32, 0.32, DATE_SUB(NOW(), INTERVAL 75 DAY), DATE_SUB(NOW(), INTERVAL 75 DAY), 45, 3),
(81, 2, 44.9, 89.8, 0.34, 0.68, DATE_SUB(NOW(), INTERVAL 75 DAY), DATE_SUB(NOW(), INTERVAL 75 DAY), 45, 11),
(82, 1, 29.9, 29.9, 0.32, 0.32, DATE_SUB(NOW(), INTERVAL 74 DAY), DATE_SUB(NOW(), INTERVAL 74 DAY), 46, 1),
(83, 1, 49.9, 49.9, 0.5, 0.5, DATE_SUB(NOW(), INTERVAL 73 DAY), DATE_SUB(NOW(), INTERVAL 73 DAY), 47, 19),
(84, 1, 27.9, 27.9, 0.15, 0.15, DATE_SUB(NOW(), INTERVAL 72 DAY), DATE_SUB(NOW(), INTERVAL 72 DAY), 48, 18),
(85, 2, 29.9, 59.8, 0.32, 0.64, DATE_SUB(NOW(), INTERVAL 72 DAY), DATE_SUB(NOW(), INTERVAL 72 DAY), 48, 8),
(86, 2, 49.9, 99.8, 0.5, 1.0, DATE_SUB(NOW(), INTERVAL 71 DAY), DATE_SUB(NOW(), INTERVAL 71 DAY), 49, 19),
(87, 1, 29.9, 29.9, 0.32, 0.32, DATE_SUB(NOW(), INTERVAL 71 DAY), DATE_SUB(NOW(), INTERVAL 71 DAY), 49, 8),
(88, 2, 29.9, 59.8, 0.32, 0.64, DATE_SUB(NOW(), INTERVAL 70 DAY), DATE_SUB(NOW(), INTERVAL 70 DAY), 50, 1),
(89, 1, 29.9, 29.9, 0.32, 0.32, DATE_SUB(NOW(), INTERVAL 70 DAY), DATE_SUB(NOW(), INTERVAL 70 DAY), 50, 3),
(90, 1, 29.9, 29.9, 0.32, 0.32, DATE_SUB(NOW(), INTERVAL 70 DAY), DATE_SUB(NOW(), INTERVAL 70 DAY), 50, 2),
(91, 1, 29.9, 29.9, 0.32, 0.32, DATE_SUB(NOW(), INTERVAL 69 DAY), DATE_SUB(NOW(), INTERVAL 69 DAY), 51, 8),
(92, 1, 29.9, 29.9, 0.32, 0.32, DATE_SUB(NOW(), INTERVAL 68 DAY), DATE_SUB(NOW(), INTERVAL 68 DAY), 52, 3),
(93, 1, 29.9, 29.9, 0.32, 0.32, DATE_SUB(NOW(), INTERVAL 67 DAY), DATE_SUB(NOW(), INTERVAL 67 DAY), 53, 2),
(94, 1, 44.9, 44.9, 0.34, 0.34, DATE_SUB(NOW(), INTERVAL 67 DAY), DATE_SUB(NOW(), INTERVAL 67 DAY), 53, 11),
(95, 1, 29.9, 29.9, 0.32, 0.32, DATE_SUB(NOW(), INTERVAL 66 DAY), DATE_SUB(NOW(), INTERVAL 66 DAY), 54, 3),
(96, 1, 39.9, 39.9, 0.18, 0.18, DATE_SUB(NOW(), INTERVAL 66 DAY), DATE_SUB(NOW(), INTERVAL 66 DAY), 54, 17),
(97, 2, 29.9, 59.8, 0.32, 0.64, DATE_SUB(NOW(), INTERVAL 65 DAY), DATE_SUB(NOW(), INTERVAL 65 DAY), 55, 8),
(98, 1, 29.9, 29.9, 0.32, 0.32, DATE_SUB(NOW(), INTERVAL 65 DAY), DATE_SUB(NOW(), INTERVAL 65 DAY), 55, 9),
(99, 1, 54.9, 54.9, 0.75, 0.75, DATE_SUB(NOW(), INTERVAL 65 DAY), DATE_SUB(NOW(), INTERVAL 65 DAY), 55, 16),
(100, 2, 29.9, 59.8, 0.32, 0.64, DATE_SUB(NOW(), INTERVAL 64 DAY), DATE_SUB(NOW(), INTERVAL 64 DAY), 56, 7),
(101, 1, 27.9, 27.9, 0.15, 0.15, DATE_SUB(NOW(), INTERVAL 63 DAY), DATE_SUB(NOW(), INTERVAL 63 DAY), 57, 18),
(102, 2, 29.9, 59.8, 0.32, 0.64, DATE_SUB(NOW(), INTERVAL 62 DAY), DATE_SUB(NOW(), INTERVAL 62 DAY), 58, 5),
(103, 2, 49.9, 99.8, 0.5, 1.0, DATE_SUB(NOW(), INTERVAL 62 DAY), DATE_SUB(NOW(), INTERVAL 62 DAY), 58, 19),
(104, 1, 49.9, 49.9, 0.5, 0.5, DATE_SUB(NOW(), INTERVAL 61 DAY), DATE_SUB(NOW(), INTERVAL 61 DAY), 59, 19),
(105, 1, 54.9, 54.9, 0.75, 0.75, DATE_SUB(NOW(), INTERVAL 61 DAY), DATE_SUB(NOW(), INTERVAL 61 DAY), 59, 16),
(106, 2, 29.9, 59.8, 0.32, 0.64, DATE_SUB(NOW(), INTERVAL 60 DAY), DATE_SUB(NOW(), INTERVAL 60 DAY), 60, 8),
(107, 1, 54.9, 54.9, 0.75, 0.75, DATE_SUB(NOW(), INTERVAL 60 DAY), DATE_SUB(NOW(), INTERVAL 60 DAY), 60, 16),
(108, 1, 69.9, 69.9, 0.24, 0.24, DATE_SUB(NOW(), INTERVAL 60 DAY), DATE_SUB(NOW(), INTERVAL 60 DAY), 60, 14),
(109, 2, 29.9, 59.8, 0.32, 0.64, DATE_SUB(NOW(), INTERVAL 59 DAY), DATE_SUB(NOW(), INTERVAL 59 DAY), 61, 7),
(110, 1, 29.9, 29.9, 0.32, 0.32, DATE_SUB(NOW(), INTERVAL 58 DAY), DATE_SUB(NOW(), INTERVAL 58 DAY), 62, 4),
(111, 1, 29.9, 29.9, 0.32, 0.32, DATE_SUB(NOW(), INTERVAL 57 DAY), DATE_SUB(NOW(), INTERVAL 57 DAY), 63, 4),
(112, 2, 69.9, 139.8, 0.24, 0.48, DATE_SUB(NOW(), INTERVAL 57 DAY), DATE_SUB(NOW(), INTERVAL 57 DAY), 63, 14),
(113, 1, 59.9, 59.9, 0.2, 0.2, DATE_SUB(NOW(), INTERVAL 56 DAY), DATE_SUB(NOW(), INTERVAL 56 DAY), 64, 12),
(114, 1, 69.9, 69.9, 0.24, 0.24, DATE_SUB(NOW(), INTERVAL 56 DAY), DATE_SUB(NOW(), INTERVAL 56 DAY), 64, 14),
(115, 1, 69.9, 69.9, 0.24, 0.24, DATE_SUB(NOW(), INTERVAL 55 DAY), DATE_SUB(NOW(), INTERVAL 55 DAY), 65, 14),
(116, 1, 39.9, 39.9, 0.45, 0.45, DATE_SUB(NOW(), INTERVAL 55 DAY), DATE_SUB(NOW(), INTERVAL 55 DAY), 65, 15),
(117, 1, 29.9, 29.9, 0.32, 0.32, DATE_SUB(NOW(), INTERVAL 55 DAY), DATE_SUB(NOW(), INTERVAL 55 DAY), 65, 2),
(118, 2, 29.9, 59.8, 0.32, 0.64, DATE_SUB(NOW(), INTERVAL 54 DAY), DATE_SUB(NOW(), INTERVAL 54 DAY), 66, 4),
(119, 1, 29.9, 29.9, 0.32, 0.32, DATE_SUB(NOW(), INTERVAL 53 DAY), DATE_SUB(NOW(), INTERVAL 53 DAY), 67, 2),
(120, 1, 59.9, 59.9, 0.2, 0.2, DATE_SUB(NOW(), INTERVAL 52 DAY), DATE_SUB(NOW(), INTERVAL 52 DAY), 68, 13),
(121, 1, 44.9, 44.9, 0.34, 0.34, DATE_SUB(NOW(), INTERVAL 52 DAY), DATE_SUB(NOW(), INTERVAL 52 DAY), 68, 11),
(122, 1, 29.9, 29.9, 0.32, 0.32, DATE_SUB(NOW(), INTERVAL 51 DAY), DATE_SUB(NOW(), INTERVAL 51 DAY), 69, 4),
(123, 2, 29.9, 59.8, 0.32, 0.64, DATE_SUB(NOW(), INTERVAL 51 DAY), DATE_SUB(NOW(), INTERVAL 51 DAY), 69, 8),
(124, 2, 29.9, 59.8, 0.32, 0.64, DATE_SUB(NOW(), INTERVAL 50 DAY), DATE_SUB(NOW(), INTERVAL 50 DAY), 70, 7),
(125, 1, 34.9, 34.9, 0.12, 0.12, DATE_SUB(NOW(), INTERVAL 50 DAY), DATE_SUB(NOW(), INTERVAL 50 DAY), 70, 20),
(126, 1, 27.9, 27.9, 0.15, 0.15, DATE_SUB(NOW(), INTERVAL 50 DAY), DATE_SUB(NOW(), INTERVAL 50 DAY), 70, 18),
(127, 1, 39.9, 39.9, 0.45, 0.45, DATE_SUB(NOW(), INTERVAL 49 DAY), DATE_SUB(NOW(), INTERVAL 49 DAY), 71, 15),
(128, 2, 29.9, 59.8, 0.32, 0.64, DATE_SUB(NOW(), INTERVAL 48 DAY), DATE_SUB(NOW(), INTERVAL 48 DAY), 72, 5),
(129, 1, 69.9, 69.9, 0.24, 0.24, DATE_SUB(NOW(), INTERVAL 47 DAY), DATE_SUB(NOW(), INTERVAL 47 DAY), 73, 14),
(130, 1, 29.9, 29.9, 0.32, 0.32, DATE_SUB(NOW(), INTERVAL 47 DAY), DATE_SUB(NOW(), INTERVAL 47 DAY), 73, 6),
(131, 1, 29.9, 29.9, 0.32, 0.32, DATE_SUB(NOW(), INTERVAL 46 DAY), DATE_SUB(NOW(), INTERVAL 46 DAY), 74, 9),
(132, 1, 39.9, 39.9, 0.45, 0.45, DATE_SUB(NOW(), INTERVAL 46 DAY), DATE_SUB(NOW(), INTERVAL 46 DAY), 74, 15),
(133, 1, 29.9, 29.9, 0.32, 0.32, DATE_SUB(NOW(), INTERVAL 45 DAY), DATE_SUB(NOW(), INTERVAL 45 DAY), 75, 8),
(134, 1, 29.9, 29.9, 0.32, 0.32, DATE_SUB(NOW(), INTERVAL 45 DAY), DATE_SUB(NOW(), INTERVAL 45 DAY), 75, 3),
(135, 1, 39.9, 39.9, 0.45, 0.45, DATE_SUB(NOW(), INTERVAL 45 DAY), DATE_SUB(NOW(), INTERVAL 45 DAY), 75, 15),
(136, 1, 27.9, 27.9, 0.15, 0.15, DATE_SUB(NOW(), INTERVAL 44 DAY), DATE_SUB(NOW(), INTERVAL 44 DAY), 76, 18),
(137, 1, 29.9, 29.9, 0.32, 0.32, DATE_SUB(NOW(), INTERVAL 43 DAY), DATE_SUB(NOW(), INTERVAL 43 DAY), 77, 4),
(138, 1, 29.9, 29.9, 0.32, 0.32, DATE_SUB(NOW(), INTERVAL 42 DAY), DATE_SUB(NOW(), INTERVAL 42 DAY), 78, 2),
(139, 1, 27.9, 27.9, 0.15, 0.15, DATE_SUB(NOW(), INTERVAL 42 DAY), DATE_SUB(NOW(), INTERVAL 42 DAY), 78, 18),
(140, 1, 29.9, 29.9, 0.32, 0.32, DATE_SUB(NOW(), INTERVAL 41 DAY), DATE_SUB(NOW(), INTERVAL 41 DAY), 79, 1),
(141, 1, 29.9, 29.9, 0.32, 0.32, DATE_SUB(NOW(), INTERVAL 41 DAY), DATE_SUB(NOW(), INTERVAL 41 DAY), 79, 3),
(142, 1, 29.9, 29.9, 0.32, 0.32, DATE_SUB(NOW(), INTERVAL 40 DAY), DATE_SUB(NOW(), INTERVAL 40 DAY), 80, 8),
(143, 1, 29.9, 29.9, 0.32, 0.32, DATE_SUB(NOW(), INTERVAL 40 DAY), DATE_SUB(NOW(), INTERVAL 40 DAY), 80, 6),
(144, 1, 69.9, 69.9, 0.24, 0.24, DATE_SUB(NOW(), INTERVAL 40 DAY), DATE_SUB(NOW(), INTERVAL 40 DAY), 80, 14),
(145, 1, 54.9, 54.9, 0.75, 0.75, DATE_SUB(NOW(), INTERVAL 39 DAY), DATE_SUB(NOW(), INTERVAL 39 DAY), 81, 16),
(146, 2, 54.9, 109.8, 0.75, 1.5, DATE_SUB(NOW(), INTERVAL 38 DAY), DATE_SUB(NOW(), INTERVAL 38 DAY), 82, 16),
(147, 1, 29.9, 29.9, 0.32, 0.32, DATE_SUB(NOW(), INTERVAL 37 DAY), DATE_SUB(NOW(), INTERVAL 37 DAY), 83, 7),
(148, 1, 59.9, 59.9, 0.2, 0.2, DATE_SUB(NOW(), INTERVAL 37 DAY), DATE_SUB(NOW(), INTERVAL 37 DAY), 83, 13),
(149, 1, 29.9, 29.9, 0.32, 0.32, DATE_SUB(NOW(), INTERVAL 36 DAY), DATE_SUB(NOW(), INTERVAL 36 DAY), 84, 2),
(150, 1, 29.9, 29.9, 0.32, 0.32, DATE_SUB(NOW(), INTERVAL 36 DAY), DATE_SUB(NOW(), INTERVAL 36 DAY), 84, 6),
(151, 2, 59.9, 119.8, 0.2, 0.4, DATE_SUB(NOW(), INTERVAL 35 DAY), DATE_SUB(NOW(), INTERVAL 35 DAY), 85, 13),
(152, 1, 29.9, 29.9, 0.32, 0.32, DATE_SUB(NOW(), INTERVAL 35 DAY), DATE_SUB(NOW(), INTERVAL 35 DAY), 85, 1),
(153, 2, 34.9, 69.8, 0.12, 0.24, DATE_SUB(NOW(), INTERVAL 35 DAY), DATE_SUB(NOW(), INTERVAL 35 DAY), 85, 20),
(154, 1, 29.9, 29.9, 0.32, 0.32, DATE_SUB(NOW(), INTERVAL 34 DAY), DATE_SUB(NOW(), INTERVAL 34 DAY), 86, 9),
(155, 2, 39.9, 79.8, 0.45, 0.9, DATE_SUB(NOW(), INTERVAL 33 DAY), DATE_SUB(NOW(), INTERVAL 33 DAY), 87, 15),
(156, 2, 29.9, 59.8, 0.32, 0.64, DATE_SUB(NOW(), INTERVAL 32 DAY), DATE_SUB(NOW(), INTERVAL 32 DAY), 88, 10),
(157, 2, 69.9, 139.8, 0.24, 0.48, DATE_SUB(NOW(), INTERVAL 32 DAY), DATE_SUB(NOW(), INTERVAL 32 DAY), 88, 14),
(158, 1, 27.9, 27.9, 0.15, 0.15, DATE_SUB(NOW(), INTERVAL 31 DAY), DATE_SUB(NOW(), INTERVAL 31 DAY), 89, 18),
(159, 2, 54.9, 109.8, 0.75, 1.5, DATE_SUB(NOW(), INTERVAL 31 DAY), DATE_SUB(NOW(), INTERVAL 31 DAY), 89, 16),
(160, 1, 29.9, 29.9, 0.32, 0.32, DATE_SUB(NOW(), INTERVAL 30 DAY), DATE_SUB(NOW(), INTERVAL 30 DAY), 90, 5),
(161, 1, 29.9, 29.9, 0.32, 0.32, DATE_SUB(NOW(), INTERVAL 30 DAY), DATE_SUB(NOW(), INTERVAL 30 DAY), 90, 7),
(162, 1, 29.9, 29.9, 0.32, 0.32, DATE_SUB(NOW(), INTERVAL 30 DAY), DATE_SUB(NOW(), INTERVAL 30 DAY), 90, 10),
(163, 2, 29.9, 59.8, 0.32, 0.64, DATE_SUB(NOW(), INTERVAL 29 DAY), DATE_SUB(NOW(), INTERVAL 29 DAY), 91, 7),
(164, 1, 29.9, 29.9, 0.32, 0.32, DATE_SUB(NOW(), INTERVAL 28 DAY), DATE_SUB(NOW(), INTERVAL 28 DAY), 92, 2),
(165, 2, 49.9, 99.8, 0.5, 1.0, DATE_SUB(NOW(), INTERVAL 27 DAY), DATE_SUB(NOW(), INTERVAL 27 DAY), 93, 19),
(166, 1, 27.9, 27.9, 0.15, 0.15, DATE_SUB(NOW(), INTERVAL 27 DAY), DATE_SUB(NOW(), INTERVAL 27 DAY), 93, 18),
(167, 1, 29.9, 29.9, 0.32, 0.32, DATE_SUB(NOW(), INTERVAL 26 DAY), DATE_SUB(NOW(), INTERVAL 26 DAY), 94, 2),
(168, 2, 44.9, 89.8, 0.34, 0.68, DATE_SUB(NOW(), INTERVAL 26 DAY), DATE_SUB(NOW(), INTERVAL 26 DAY), 94, 11),
(169, 1, 29.9, 29.9, 0.32, 0.32, DATE_SUB(NOW(), INTERVAL 25 DAY), DATE_SUB(NOW(), INTERVAL 25 DAY), 95, 2),
(170, 1, 34.9, 34.9, 0.12, 0.12, DATE_SUB(NOW(), INTERVAL 25 DAY), DATE_SUB(NOW(), INTERVAL 25 DAY), 95, 20),
(171, 1, 54.9, 54.9, 0.75, 0.75, DATE_SUB(NOW(), INTERVAL 25 DAY), DATE_SUB(NOW(), INTERVAL 25 DAY), 95, 16),
(172, 1, 39.9, 39.9, 0.18, 0.18, DATE_SUB(NOW(), INTERVAL 24 DAY), DATE_SUB(NOW(), INTERVAL 24 DAY), 96, 17),
(173, 1, 39.9, 39.9, 0.18, 0.18, DATE_SUB(NOW(), INTERVAL 23 DAY), DATE_SUB(NOW(), INTERVAL 23 DAY), 97, 17),
(174, 1, 29.9, 29.9, 0.32, 0.32, DATE_SUB(NOW(), INTERVAL 22 DAY), DATE_SUB(NOW(), INTERVAL 22 DAY), 98, 6),
(175, 1, 29.9, 29.9, 0.32, 0.32, DATE_SUB(NOW(), INTERVAL 22 DAY), DATE_SUB(NOW(), INTERVAL 22 DAY), 98, 2),
(176, 1, 39.9, 39.9, 0.18, 0.18, DATE_SUB(NOW(), INTERVAL 21 DAY), DATE_SUB(NOW(), INTERVAL 21 DAY), 99, 17),
(177, 2, 29.9, 59.8, 0.32, 0.64, DATE_SUB(NOW(), INTERVAL 21 DAY), DATE_SUB(NOW(), INTERVAL 21 DAY), 99, 3),
(178, 1, 29.9, 29.9, 0.32, 0.32, DATE_SUB(NOW(), INTERVAL 20 DAY), DATE_SUB(NOW(), INTERVAL 20 DAY), 100, 6),
(179, 1, 29.9, 29.9, 0.32, 0.32, DATE_SUB(NOW(), INTERVAL 20 DAY), DATE_SUB(NOW(), INTERVAL 20 DAY), 100, 3),
(180, 3, 49.9, 149.7, 0.5, 1.5, DATE_SUB(NOW(), INTERVAL 20 DAY), DATE_SUB(NOW(), INTERVAL 20 DAY), 100, 19),
(181, 1, 29.9, 29.9, 0.32, 0.32, DATE_SUB(NOW(), INTERVAL 19 DAY), DATE_SUB(NOW(), INTERVAL 19 DAY), 101, 8),
(182, 1, 59.9, 59.9, 0.2, 0.2, DATE_SUB(NOW(), INTERVAL 18 DAY), DATE_SUB(NOW(), INTERVAL 18 DAY), 102, 13),
(183, 1, 29.9, 29.9, 0.32, 0.32, DATE_SUB(NOW(), INTERVAL 17 DAY), DATE_SUB(NOW(), INTERVAL 17 DAY), 103, 4),
(184, 1, 49.9, 49.9, 0.5, 0.5, DATE_SUB(NOW(), INTERVAL 17 DAY), DATE_SUB(NOW(), INTERVAL 17 DAY), 103, 19),
(185, 2, 29.9, 59.8, 0.32, 0.64, DATE_SUB(NOW(), INTERVAL 16 DAY), DATE_SUB(NOW(), INTERVAL 16 DAY), 104, 8),
(186, 1, 49.9, 49.9, 0.5, 0.5, DATE_SUB(NOW(), INTERVAL 16 DAY), DATE_SUB(NOW(), INTERVAL 16 DAY), 104, 19),
(187, 1, 34.9, 34.9, 0.12, 0.12, DATE_SUB(NOW(), INTERVAL 15 DAY), DATE_SUB(NOW(), INTERVAL 15 DAY), 105, 20),
(188, 1, 29.9, 29.9, 0.32, 0.32, DATE_SUB(NOW(), INTERVAL 15 DAY), DATE_SUB(NOW(), INTERVAL 15 DAY), 105, 2),
(189, 1, 29.9, 29.9, 0.32, 0.32, DATE_SUB(NOW(), INTERVAL 15 DAY), DATE_SUB(NOW(), INTERVAL 15 DAY), 105, 3),
(190, 1, 69.9, 69.9, 0.24, 0.24, DATE_SUB(NOW(), INTERVAL 14 DAY), DATE_SUB(NOW(), INTERVAL 14 DAY), 106, 14),
(191, 2, 49.9, 99.8, 0.5, 1.0, DATE_SUB(NOW(), INTERVAL 13 DAY), DATE_SUB(NOW(), INTERVAL 13 DAY), 107, 19),
(192, 1, 49.9, 49.9, 0.5, 0.5, DATE_SUB(NOW(), INTERVAL 12 DAY), DATE_SUB(NOW(), INTERVAL 12 DAY), 108, 19),
(193, 1, 39.9, 39.9, 0.18, 0.18, DATE_SUB(NOW(), INTERVAL 12 DAY), DATE_SUB(NOW(), INTERVAL 12 DAY), 108, 17),
(194, 1, 44.9, 44.9, 0.34, 0.34, DATE_SUB(NOW(), INTERVAL 11 DAY), DATE_SUB(NOW(), INTERVAL 11 DAY), 109, 11),
(195, 1, 29.9, 29.9, 0.32, 0.32, DATE_SUB(NOW(), INTERVAL 11 DAY), DATE_SUB(NOW(), INTERVAL 11 DAY), 109, 9),
(196, 1, 29.9, 29.9, 0.32, 0.32, DATE_SUB(NOW(), INTERVAL 10 DAY), DATE_SUB(NOW(), INTERVAL 10 DAY), 110, 7),
(197, 1, 44.9, 44.9, 0.34, 0.34, DATE_SUB(NOW(), INTERVAL 10 DAY), DATE_SUB(NOW(), INTERVAL 10 DAY), 110, 11),
(198, 1, 29.9, 29.9, 0.32, 0.32, DATE_SUB(NOW(), INTERVAL 10 DAY), DATE_SUB(NOW(), INTERVAL 10 DAY), 110, 8),
(199, 1, 29.9, 29.9, 0.32, 0.32, DATE_SUB(NOW(), INTERVAL 9 DAY), DATE_SUB(NOW(), INTERVAL 9 DAY), 111, 9),
(200, 1, 59.9, 59.9, 0.2, 0.2, DATE_SUB(NOW(), INTERVAL 8 DAY), DATE_SUB(NOW(), INTERVAL 8 DAY), 112, 13),
(201, 1, 29.9, 29.9, 0.32, 0.32, DATE_SUB(NOW(), INTERVAL 7 DAY), DATE_SUB(NOW(), INTERVAL 7 DAY), 113, 5),
(202, 1, 29.9, 29.9, 0.32, 0.32, DATE_SUB(NOW(), INTERVAL 7 DAY), DATE_SUB(NOW(), INTERVAL 7 DAY), 113, 10),
(203, 1, 39.9, 39.9, 0.45, 0.45, DATE_SUB(NOW(), INTERVAL 6 DAY), DATE_SUB(NOW(), INTERVAL 6 DAY), 114, 15),
(204, 1, 44.9, 44.9, 0.34, 0.34, DATE_SUB(NOW(), INTERVAL 6 DAY), DATE_SUB(NOW(), INTERVAL 6 DAY), 114, 11),
(205, 1, 29.9, 29.9, 0.32, 0.32, DATE_SUB(NOW(), INTERVAL 5 DAY), DATE_SUB(NOW(), INTERVAL 5 DAY), 115, 3),
(206, 1, 29.9, 29.9, 0.32, 0.32, DATE_SUB(NOW(), INTERVAL 5 DAY), DATE_SUB(NOW(), INTERVAL 5 DAY), 115, 1),
(207, 1, 39.9, 39.9, 0.45, 0.45, DATE_SUB(NOW(), INTERVAL 5 DAY), DATE_SUB(NOW(), INTERVAL 5 DAY), 115, 15),
(208, 2, 34.9, 69.8, 0.12, 0.24, DATE_SUB(NOW(), INTERVAL 4 DAY), DATE_SUB(NOW(), INTERVAL 4 DAY), 116, 20),
(209, 2, 49.9, 99.8, 0.5, 1.0, DATE_SUB(NOW(), INTERVAL 3 DAY), DATE_SUB(NOW(), INTERVAL 3 DAY), 117, 19),
(210, 1, 29.9, 29.9, 0.32, 0.32, DATE_SUB(NOW(), INTERVAL 2 DAY), DATE_SUB(NOW(), INTERVAL 2 DAY), 118, 4),
(211, 1, 29.9, 29.9, 0.32, 0.32, DATE_SUB(NOW(), INTERVAL 2 DAY), DATE_SUB(NOW(), INTERVAL 2 DAY), 118, 3),
(212, 1, 27.9, 27.9, 0.15, 0.15, DATE_SUB(NOW(), INTERVAL 1 DAY), DATE_SUB(NOW(), INTERVAL 1 DAY), 119, 18),
(213, 2, 29.9, 59.8, 0.32, 0.64, DATE_SUB(NOW(), INTERVAL 1 DAY), DATE_SUB(NOW(), INTERVAL 1 DAY), 119, 7),
(214, 1, 39.9, 39.9, 0.18, 0.18, DATE_SUB(NOW(), INTERVAL 0 DAY), DATE_SUB(NOW(), INTERVAL 0 DAY), 120, 17),
(215, 1, 29.9, 29.9, 0.32, 0.32, DATE_SUB(NOW(), INTERVAL 0 DAY), DATE_SUB(NOW(), INTERVAL 0 DAY), 120, 9),
(216, 1, 29.9, 29.9, 0.32, 0.32, DATE_SUB(NOW(), INTERVAL 0 DAY), DATE_SUB(NOW(), INTERVAL 0 DAY), 120, 5);

INSERT INTO movimentacao (id, tipo, descricao, valor, status_pagamento, data_vencimento, data_pagamento, status, created_at, updated_at, categoria_movimentacao_id, contraparte_id) VALUES
(1, 'Entrada', 'Venda do pedido #1', 29.9, 'Pago', DATE(DATE_ADD(DATE_SUB(NOW(), INTERVAL 119 DAY), INTERVAL 3 DAY)), DATE_SUB(NOW(), INTERVAL 119 DAY), 1, DATE_SUB(NOW(), INTERVAL 119 DAY), DATE_SUB(NOW(), INTERVAL 119 DAY), 1, 2),
(2, 'Entrada', 'Venda do pedido #2', 39.9, 'Pago', DATE(DATE_ADD(DATE_SUB(NOW(), INTERVAL 118 DAY), INTERVAL 4 DAY)), DATE_SUB(NOW(), INTERVAL 118 DAY), 1, DATE_SUB(NOW(), INTERVAL 118 DAY), DATE_SUB(NOW(), INTERVAL 118 DAY), 1, 2),
(3, 'Entrada', 'Venda do pedido #3', 84.8, 'Pago', DATE(DATE_ADD(DATE_SUB(NOW(), INTERVAL 117 DAY), INTERVAL 5 DAY)), DATE_SUB(NOW(), INTERVAL 117 DAY), 1, DATE_SUB(NOW(), INTERVAL 117 DAY), DATE_SUB(NOW(), INTERVAL 117 DAY), 1, 2),
(4, 'Entrada', 'Venda do pedido #4', 59.8, 'Cancelado', DATE(DATE_ADD(DATE_SUB(NOW(), INTERVAL 116 DAY), INTERVAL 6 DAY)), NULL, 0, DATE_SUB(NOW(), INTERVAL 116 DAY), DATE_SUB(NOW(), INTERVAL 116 DAY), 1, 3),
(5, 'Entrada', 'Venda do pedido #5', 129.7, 'Pago', DATE(DATE_ADD(DATE_SUB(NOW(), INTERVAL 115 DAY), INTERVAL 2 DAY)), DATE_SUB(NOW(), INTERVAL 115 DAY), 1, DATE_SUB(NOW(), INTERVAL 115 DAY), DATE_SUB(NOW(), INTERVAL 115 DAY), 1, 2),
(6, 'Entrada', 'Venda do pedido #6', 34.9, 'Pago', DATE(DATE_ADD(DATE_SUB(NOW(), INTERVAL 114 DAY), INTERVAL 3 DAY)), DATE_SUB(NOW(), INTERVAL 114 DAY), 1, DATE_SUB(NOW(), INTERVAL 114 DAY), DATE_SUB(NOW(), INTERVAL 114 DAY), 1, 2),
(7, 'Entrada', 'Venda do pedido #7', 29.9, 'Pago', DATE(DATE_ADD(DATE_SUB(NOW(), INTERVAL 113 DAY), INTERVAL 4 DAY)), DATE_SUB(NOW(), INTERVAL 113 DAY), 1, DATE_SUB(NOW(), INTERVAL 113 DAY), DATE_SUB(NOW(), INTERVAL 113 DAY), 1, 2),
(8, 'Entrada', 'Venda do pedido #8', 189.6, 'Pago', DATE(DATE_ADD(DATE_SUB(NOW(), INTERVAL 112 DAY), INTERVAL 5 DAY)), DATE_SUB(NOW(), INTERVAL 112 DAY), 1, DATE_SUB(NOW(), INTERVAL 112 DAY), DATE_SUB(NOW(), INTERVAL 112 DAY), 1, 2),
(9, 'Entrada', 'Venda do pedido #9', 74.8, 'Pago', DATE(DATE_ADD(DATE_SUB(NOW(), INTERVAL 111 DAY), INTERVAL 6 DAY)), DATE_SUB(NOW(), INTERVAL 111 DAY), 1, DATE_SUB(NOW(), INTERVAL 111 DAY), DATE_SUB(NOW(), INTERVAL 111 DAY), 1, 3),
(10, 'Entrada', 'Venda do pedido #10', 125.6, 'Pago', DATE(DATE_ADD(DATE_SUB(NOW(), INTERVAL 110 DAY), INTERVAL 2 DAY)), DATE_SUB(NOW(), INTERVAL 110 DAY), 1, DATE_SUB(NOW(), INTERVAL 110 DAY), DATE_SUB(NOW(), INTERVAL 110 DAY), 1, 2),
(11, 'Entrada', 'Venda do pedido #11', 29.9, 'Pago', DATE(DATE_ADD(DATE_SUB(NOW(), INTERVAL 109 DAY), INTERVAL 3 DAY)), DATE_SUB(NOW(), INTERVAL 109 DAY), 1, DATE_SUB(NOW(), INTERVAL 109 DAY), DATE_SUB(NOW(), INTERVAL 109 DAY), 1, 2),
(12, 'Entrada', 'Venda do pedido #12', 29.9, 'Pago', DATE(DATE_ADD(DATE_SUB(NOW(), INTERVAL 108 DAY), INTERVAL 4 DAY)), DATE_SUB(NOW(), INTERVAL 108 DAY), 1, DATE_SUB(NOW(), INTERVAL 108 DAY), DATE_SUB(NOW(), INTERVAL 108 DAY), 1, 2),
(13, 'Entrada', 'Venda do pedido #13', 57.8, 'Pago', DATE(DATE_ADD(DATE_SUB(NOW(), INTERVAL 107 DAY), INTERVAL 5 DAY)), DATE_SUB(NOW(), INTERVAL 107 DAY), 1, DATE_SUB(NOW(), INTERVAL 107 DAY), DATE_SUB(NOW(), INTERVAL 107 DAY), 1, 2),
(14, 'Entrada', 'Venda do pedido #14', 74.8, 'Pago', DATE(DATE_ADD(DATE_SUB(NOW(), INTERVAL 106 DAY), INTERVAL 6 DAY)), DATE_SUB(NOW(), INTERVAL 106 DAY), 1, DATE_SUB(NOW(), INTERVAL 106 DAY), DATE_SUB(NOW(), INTERVAL 106 DAY), 1, 3),
(15, 'Entrada', 'Venda do pedido #15', 159.6, 'Pendente', DATE(DATE_ADD(DATE_SUB(NOW(), INTERVAL 105 DAY), INTERVAL 2 DAY)), NULL, 1, DATE_SUB(NOW(), INTERVAL 105 DAY), DATE_SUB(NOW(), INTERVAL 105 DAY), 1, 2),
(16, 'Entrada', 'Venda do pedido #16', 39.9, 'Pago', DATE(DATE_ADD(DATE_SUB(NOW(), INTERVAL 104 DAY), INTERVAL 3 DAY)), DATE_SUB(NOW(), INTERVAL 104 DAY), 1, DATE_SUB(NOW(), INTERVAL 104 DAY), DATE_SUB(NOW(), INTERVAL 104 DAY), 1, 2),
(17, 'Entrada', 'Venda do pedido #17', 29.9, 'Pago', DATE(DATE_ADD(DATE_SUB(NOW(), INTERVAL 103 DAY), INTERVAL 4 DAY)), DATE_SUB(NOW(), INTERVAL 103 DAY), 1, DATE_SUB(NOW(), INTERVAL 103 DAY), DATE_SUB(NOW(), INTERVAL 103 DAY), 1, 2),
(18, 'Entrada', 'Venda do pedido #18', 109.7, 'Pago', DATE(DATE_ADD(DATE_SUB(NOW(), INTERVAL 102 DAY), INTERVAL 5 DAY)), DATE_SUB(NOW(), INTERVAL 102 DAY), 1, DATE_SUB(NOW(), INTERVAL 102 DAY), DATE_SUB(NOW(), INTERVAL 102 DAY), 1, 2),
(19, 'Entrada', 'Venda do pedido #19', 69.8, 'Pago', DATE(DATE_ADD(DATE_SUB(NOW(), INTERVAL 101 DAY), INTERVAL 6 DAY)), DATE_SUB(NOW(), INTERVAL 101 DAY), 1, DATE_SUB(NOW(), INTERVAL 101 DAY), DATE_SUB(NOW(), INTERVAL 101 DAY), 1, 3),
(20, 'Entrada', 'Venda do pedido #20', 99.7, 'Pago', DATE(DATE_ADD(DATE_SUB(NOW(), INTERVAL 100 DAY), INTERVAL 2 DAY)), DATE_SUB(NOW(), INTERVAL 100 DAY), 1, DATE_SUB(NOW(), INTERVAL 100 DAY), DATE_SUB(NOW(), INTERVAL 100 DAY), 1, 2),
(21, 'Entrada', 'Venda do pedido #21', 34.9, 'Pago', DATE(DATE_ADD(DATE_SUB(NOW(), INTERVAL 99 DAY), INTERVAL 3 DAY)), DATE_SUB(NOW(), INTERVAL 99 DAY), 1, DATE_SUB(NOW(), INTERVAL 99 DAY), DATE_SUB(NOW(), INTERVAL 99 DAY), 1, 2),
(22, 'Entrada', 'Venda do pedido #22', 29.9, 'Pago', DATE(DATE_ADD(DATE_SUB(NOW(), INTERVAL 98 DAY), INTERVAL 4 DAY)), DATE_SUB(NOW(), INTERVAL 98 DAY), 1, DATE_SUB(NOW(), INTERVAL 98 DAY), DATE_SUB(NOW(), INTERVAL 98 DAY), 1, 2),
(23, 'Entrada', 'Venda do pedido #23', 179.6, 'Pago', DATE(DATE_ADD(DATE_SUB(NOW(), INTERVAL 97 DAY), INTERVAL 5 DAY)), DATE_SUB(NOW(), INTERVAL 97 DAY), 1, DATE_SUB(NOW(), INTERVAL 97 DAY), DATE_SUB(NOW(), INTERVAL 97 DAY), 1, 2),
(24, 'Entrada', 'Venda do pedido #24', 85.7, 'Pago', DATE(DATE_ADD(DATE_SUB(NOW(), INTERVAL 96 DAY), INTERVAL 6 DAY)), DATE_SUB(NOW(), INTERVAL 96 DAY), 1, DATE_SUB(NOW(), INTERVAL 96 DAY), DATE_SUB(NOW(), INTERVAL 96 DAY), 1, 3),
(25, 'Entrada', 'Venda do pedido #25', 154.6, 'Pago', DATE(DATE_ADD(DATE_SUB(NOW(), INTERVAL 95 DAY), INTERVAL 2 DAY)), DATE_SUB(NOW(), INTERVAL 95 DAY), 1, DATE_SUB(NOW(), INTERVAL 95 DAY), DATE_SUB(NOW(), INTERVAL 95 DAY), 1, 2),
(26, 'Entrada', 'Venda do pedido #26', 109.8, 'Pago', DATE(DATE_ADD(DATE_SUB(NOW(), INTERVAL 94 DAY), INTERVAL 3 DAY)), DATE_SUB(NOW(), INTERVAL 94 DAY), 1, DATE_SUB(NOW(), INTERVAL 94 DAY), DATE_SUB(NOW(), INTERVAL 94 DAY), 1, 2),
(27, 'Entrada', 'Venda do pedido #27', 59.8, 'Pago', DATE(DATE_ADD(DATE_SUB(NOW(), INTERVAL 93 DAY), INTERVAL 4 DAY)), DATE_SUB(NOW(), INTERVAL 93 DAY), 1, DATE_SUB(NOW(), INTERVAL 93 DAY), DATE_SUB(NOW(), INTERVAL 93 DAY), 1, 2),
(28, 'Entrada', 'Venda do pedido #28', 89.8, 'Pago', DATE(DATE_ADD(DATE_SUB(NOW(), INTERVAL 92 DAY), INTERVAL 5 DAY)), DATE_SUB(NOW(), INTERVAL 92 DAY), 1, DATE_SUB(NOW(), INTERVAL 92 DAY), DATE_SUB(NOW(), INTERVAL 92 DAY), 1, 2),
(29, 'Entrada', 'Venda do pedido #29', 59.8, 'Pago', DATE(DATE_ADD(DATE_SUB(NOW(), INTERVAL 91 DAY), INTERVAL 6 DAY)), DATE_SUB(NOW(), INTERVAL 91 DAY), 1, DATE_SUB(NOW(), INTERVAL 91 DAY), DATE_SUB(NOW(), INTERVAL 91 DAY), 1, 3),
(30, 'Entrada', 'Venda do pedido #30', 89.7, 'Pago', DATE(DATE_ADD(DATE_SUB(NOW(), INTERVAL 90 DAY), INTERVAL 2 DAY)), DATE_SUB(NOW(), INTERVAL 90 DAY), 1, DATE_SUB(NOW(), INTERVAL 90 DAY), DATE_SUB(NOW(), INTERVAL 90 DAY), 1, 2),
(31, 'Entrada', 'Venda do pedido #31', 59.8, 'Pendente', DATE(DATE_ADD(DATE_SUB(NOW(), INTERVAL 89 DAY), INTERVAL 3 DAY)), NULL, 1, DATE_SUB(NOW(), INTERVAL 89 DAY), DATE_SUB(NOW(), INTERVAL 89 DAY), 1, 2),
(32, 'Entrada', 'Venda do pedido #32', 54.9, 'Pago', DATE(DATE_ADD(DATE_SUB(NOW(), INTERVAL 88 DAY), INTERVAL 4 DAY)), DATE_SUB(NOW(), INTERVAL 88 DAY), 1, DATE_SUB(NOW(), INTERVAL 88 DAY), DATE_SUB(NOW(), INTERVAL 88 DAY), 1, 2),
(33, 'Entrada', 'Venda do pedido #33', 85.7, 'Pago', DATE(DATE_ADD(DATE_SUB(NOW(), INTERVAL 87 DAY), INTERVAL 5 DAY)), DATE_SUB(NOW(), INTERVAL 87 DAY), 1, DATE_SUB(NOW(), INTERVAL 87 DAY), DATE_SUB(NOW(), INTERVAL 87 DAY), 1, 2),
(34, 'Entrada', 'Venda do pedido #34', 64.8, 'Pago', DATE(DATE_ADD(DATE_SUB(NOW(), INTERVAL 86 DAY), INTERVAL 6 DAY)), DATE_SUB(NOW(), INTERVAL 86 DAY), 1, DATE_SUB(NOW(), INTERVAL 86 DAY), DATE_SUB(NOW(), INTERVAL 86 DAY), 1, 3),
(35, 'Entrada', 'Venda do pedido #35', 167.6, 'Pago', DATE(DATE_ADD(DATE_SUB(NOW(), INTERVAL 85 DAY), INTERVAL 2 DAY)), DATE_SUB(NOW(), INTERVAL 85 DAY), 1, DATE_SUB(NOW(), INTERVAL 85 DAY), DATE_SUB(NOW(), INTERVAL 85 DAY), 1, 2),
(36, 'Entrada', 'Venda do pedido #36', 29.9, 'Pago', DATE(DATE_ADD(DATE_SUB(NOW(), INTERVAL 84 DAY), INTERVAL 3 DAY)), DATE_SUB(NOW(), INTERVAL 84 DAY), 1, DATE_SUB(NOW(), INTERVAL 84 DAY), DATE_SUB(NOW(), INTERVAL 84 DAY), 1, 2),
(37, 'Entrada', 'Venda do pedido #37', 39.9, 'Pago', DATE(DATE_ADD(DATE_SUB(NOW(), INTERVAL 83 DAY), INTERVAL 4 DAY)), DATE_SUB(NOW(), INTERVAL 83 DAY), 1, DATE_SUB(NOW(), INTERVAL 83 DAY), DATE_SUB(NOW(), INTERVAL 83 DAY), 1, 2),
(38, 'Entrada', 'Venda do pedido #38', 104.8, 'Pago', DATE(DATE_ADD(DATE_SUB(NOW(), INTERVAL 82 DAY), INTERVAL 5 DAY)), DATE_SUB(NOW(), INTERVAL 82 DAY), 1, DATE_SUB(NOW(), INTERVAL 82 DAY), DATE_SUB(NOW(), INTERVAL 82 DAY), 1, 2),
(39, 'Entrada', 'Venda do pedido #39', 57.8, 'Pago', DATE(DATE_ADD(DATE_SUB(NOW(), INTERVAL 81 DAY), INTERVAL 6 DAY)), DATE_SUB(NOW(), INTERVAL 81 DAY), 1, DATE_SUB(NOW(), INTERVAL 81 DAY), DATE_SUB(NOW(), INTERVAL 81 DAY), 1, 3),
(40, 'Entrada', 'Venda do pedido #40', 119.7, 'Pago', DATE(DATE_ADD(DATE_SUB(NOW(), INTERVAL 80 DAY), INTERVAL 2 DAY)), DATE_SUB(NOW(), INTERVAL 80 DAY), 1, DATE_SUB(NOW(), INTERVAL 80 DAY), DATE_SUB(NOW(), INTERVAL 80 DAY), 1, 2),
(41, 'Entrada', 'Venda do pedido #41', 59.9, 'Pago', DATE(DATE_ADD(DATE_SUB(NOW(), INTERVAL 79 DAY), INTERVAL 3 DAY)), DATE_SUB(NOW(), INTERVAL 79 DAY), 1, DATE_SUB(NOW(), INTERVAL 79 DAY), DATE_SUB(NOW(), INTERVAL 79 DAY), 1, 2),
(42, 'Entrada', 'Venda do pedido #42', 39.9, 'Pago', DATE(DATE_ADD(DATE_SUB(NOW(), INTERVAL 78 DAY), INTERVAL 4 DAY)), DATE_SUB(NOW(), INTERVAL 78 DAY), 1, DATE_SUB(NOW(), INTERVAL 78 DAY), DATE_SUB(NOW(), INTERVAL 78 DAY), 1, 2),
(43, 'Entrada', 'Venda do pedido #43', 79.8, 'Pago', DATE(DATE_ADD(DATE_SUB(NOW(), INTERVAL 77 DAY), INTERVAL 5 DAY)), DATE_SUB(NOW(), INTERVAL 77 DAY), 1, DATE_SUB(NOW(), INTERVAL 77 DAY), DATE_SUB(NOW(), INTERVAL 77 DAY), 1, 2),
(44, 'Entrada', 'Venda do pedido #44', 59.8, 'Pago', DATE(DATE_ADD(DATE_SUB(NOW(), INTERVAL 76 DAY), INTERVAL 6 DAY)), DATE_SUB(NOW(), INTERVAL 76 DAY), 1, DATE_SUB(NOW(), INTERVAL 76 DAY), DATE_SUB(NOW(), INTERVAL 76 DAY), 1, 3),
(45, 'Entrada', 'Venda do pedido #45', 149.6, 'Pago', DATE(DATE_ADD(DATE_SUB(NOW(), INTERVAL 75 DAY), INTERVAL 2 DAY)), DATE_SUB(NOW(), INTERVAL 75 DAY), 1, DATE_SUB(NOW(), INTERVAL 75 DAY), DATE_SUB(NOW(), INTERVAL 75 DAY), 1, 2),
(46, 'Entrada', 'Venda do pedido #46', 29.9, 'Pago', DATE(DATE_ADD(DATE_SUB(NOW(), INTERVAL 74 DAY), INTERVAL 3 DAY)), DATE_SUB(NOW(), INTERVAL 74 DAY), 1, DATE_SUB(NOW(), INTERVAL 74 DAY), DATE_SUB(NOW(), INTERVAL 74 DAY), 1, 2),
(47, 'Entrada', 'Venda do pedido #47', 49.9, 'Pago', DATE(DATE_ADD(DATE_SUB(NOW(), INTERVAL 73 DAY), INTERVAL 4 DAY)), DATE_SUB(NOW(), INTERVAL 73 DAY), 1, DATE_SUB(NOW(), INTERVAL 73 DAY), DATE_SUB(NOW(), INTERVAL 73 DAY), 1, 2),
(48, 'Entrada', 'Venda do pedido #48', 87.7, 'Pago', DATE(DATE_ADD(DATE_SUB(NOW(), INTERVAL 72 DAY), INTERVAL 5 DAY)), DATE_SUB(NOW(), INTERVAL 72 DAY), 1, DATE_SUB(NOW(), INTERVAL 72 DAY), DATE_SUB(NOW(), INTERVAL 72 DAY), 1, 2),
(49, 'Entrada', 'Venda do pedido #49', 129.7, 'Pago', DATE(DATE_ADD(DATE_SUB(NOW(), INTERVAL 71 DAY), INTERVAL 6 DAY)), DATE_SUB(NOW(), INTERVAL 71 DAY), 1, DATE_SUB(NOW(), INTERVAL 71 DAY), DATE_SUB(NOW(), INTERVAL 71 DAY), 1, 3),
(50, 'Entrada', 'Venda do pedido #50', 119.6, 'Cancelado', DATE(DATE_ADD(DATE_SUB(NOW(), INTERVAL 70 DAY), INTERVAL 2 DAY)), NULL, 0, DATE_SUB(NOW(), INTERVAL 70 DAY), DATE_SUB(NOW(), INTERVAL 70 DAY), 1, 2),
(51, 'Entrada', 'Venda do pedido #51', 29.9, 'Pago', DATE(DATE_ADD(DATE_SUB(NOW(), INTERVAL 69 DAY), INTERVAL 3 DAY)), DATE_SUB(NOW(), INTERVAL 69 DAY), 1, DATE_SUB(NOW(), INTERVAL 69 DAY), DATE_SUB(NOW(), INTERVAL 69 DAY), 1, 2),
(52, 'Entrada', 'Venda do pedido #52', 29.9, 'Pago', DATE(DATE_ADD(DATE_SUB(NOW(), INTERVAL 68 DAY), INTERVAL 4 DAY)), DATE_SUB(NOW(), INTERVAL 68 DAY), 1, DATE_SUB(NOW(), INTERVAL 68 DAY), DATE_SUB(NOW(), INTERVAL 68 DAY), 1, 2),
(53, 'Entrada', 'Venda do pedido #53', 74.8, 'Pago', DATE(DATE_ADD(DATE_SUB(NOW(), INTERVAL 67 DAY), INTERVAL 5 DAY)), DATE_SUB(NOW(), INTERVAL 67 DAY), 1, DATE_SUB(NOW(), INTERVAL 67 DAY), DATE_SUB(NOW(), INTERVAL 67 DAY), 1, 2),
(54, 'Entrada', 'Venda do pedido #54', 69.8, 'Pago', DATE(DATE_ADD(DATE_SUB(NOW(), INTERVAL 66 DAY), INTERVAL 6 DAY)), DATE_SUB(NOW(), INTERVAL 66 DAY), 1, DATE_SUB(NOW(), INTERVAL 66 DAY), DATE_SUB(NOW(), INTERVAL 66 DAY), 1, 3),
(55, 'Entrada', 'Venda do pedido #55', 144.6, 'Pendente', DATE(DATE_ADD(DATE_SUB(NOW(), INTERVAL 65 DAY), INTERVAL 2 DAY)), NULL, 1, DATE_SUB(NOW(), INTERVAL 65 DAY), DATE_SUB(NOW(), INTERVAL 65 DAY), 1, 2),
(56, 'Entrada', 'Venda do pedido #56', 59.8, 'Pago', DATE(DATE_ADD(DATE_SUB(NOW(), INTERVAL 64 DAY), INTERVAL 3 DAY)), DATE_SUB(NOW(), INTERVAL 64 DAY), 1, DATE_SUB(NOW(), INTERVAL 64 DAY), DATE_SUB(NOW(), INTERVAL 64 DAY), 1, 2),
(57, 'Entrada', 'Venda do pedido #57', 27.9, 'Cancelado', DATE(DATE_ADD(DATE_SUB(NOW(), INTERVAL 63 DAY), INTERVAL 4 DAY)), NULL, 0, DATE_SUB(NOW(), INTERVAL 63 DAY), DATE_SUB(NOW(), INTERVAL 63 DAY), 1, 2),
(58, 'Entrada', 'Venda do pedido #58', 159.6, 'Pago', DATE(DATE_ADD(DATE_SUB(NOW(), INTERVAL 62 DAY), INTERVAL 5 DAY)), DATE_SUB(NOW(), INTERVAL 62 DAY), 1, DATE_SUB(NOW(), INTERVAL 62 DAY), DATE_SUB(NOW(), INTERVAL 62 DAY), 1, 2),
(59, 'Entrada', 'Venda do pedido #59', 104.8, 'Pago', DATE(DATE_ADD(DATE_SUB(NOW(), INTERVAL 61 DAY), INTERVAL 6 DAY)), DATE_SUB(NOW(), INTERVAL 61 DAY), 1, DATE_SUB(NOW(), INTERVAL 61 DAY), DATE_SUB(NOW(), INTERVAL 61 DAY), 1, 3),
(60, 'Entrada', 'Venda do pedido #60', 184.6, 'Pago', DATE(DATE_ADD(DATE_SUB(NOW(), INTERVAL 60 DAY), INTERVAL 2 DAY)), DATE_SUB(NOW(), INTERVAL 60 DAY), 1, DATE_SUB(NOW(), INTERVAL 60 DAY), DATE_SUB(NOW(), INTERVAL 60 DAY), 1, 2),
(61, 'Entrada', 'Venda do pedido #61', 59.8, 'Pago', DATE(DATE_ADD(DATE_SUB(NOW(), INTERVAL 59 DAY), INTERVAL 3 DAY)), DATE_SUB(NOW(), INTERVAL 59 DAY), 1, DATE_SUB(NOW(), INTERVAL 59 DAY), DATE_SUB(NOW(), INTERVAL 59 DAY), 1, 2),
(62, 'Entrada', 'Venda do pedido #62', 29.9, 'Pago', DATE(DATE_ADD(DATE_SUB(NOW(), INTERVAL 58 DAY), INTERVAL 4 DAY)), DATE_SUB(NOW(), INTERVAL 58 DAY), 1, DATE_SUB(NOW(), INTERVAL 58 DAY), DATE_SUB(NOW(), INTERVAL 58 DAY), 1, 2),
(63, 'Entrada', 'Venda do pedido #63', 169.7, 'Pago', DATE(DATE_ADD(DATE_SUB(NOW(), INTERVAL 57 DAY), INTERVAL 5 DAY)), DATE_SUB(NOW(), INTERVAL 57 DAY), 1, DATE_SUB(NOW(), INTERVAL 57 DAY), DATE_SUB(NOW(), INTERVAL 57 DAY), 1, 2),
(64, 'Entrada', 'Venda do pedido #64', 129.8, 'Pago', DATE(DATE_ADD(DATE_SUB(NOW(), INTERVAL 56 DAY), INTERVAL 6 DAY)), DATE_SUB(NOW(), INTERVAL 56 DAY), 1, DATE_SUB(NOW(), INTERVAL 56 DAY), DATE_SUB(NOW(), INTERVAL 56 DAY), 1, 3),
(65, 'Entrada', 'Venda do pedido #65', 139.7, 'Pago', DATE(DATE_ADD(DATE_SUB(NOW(), INTERVAL 55 DAY), INTERVAL 2 DAY)), DATE_SUB(NOW(), INTERVAL 55 DAY), 1, DATE_SUB(NOW(), INTERVAL 55 DAY), DATE_SUB(NOW(), INTERVAL 55 DAY), 1, 2),
(66, 'Entrada', 'Venda do pedido #66', 59.8, 'Pendente', DATE(DATE_ADD(DATE_SUB(NOW(), INTERVAL 54 DAY), INTERVAL 3 DAY)), NULL, 1, DATE_SUB(NOW(), INTERVAL 54 DAY), DATE_SUB(NOW(), INTERVAL 54 DAY), 1, 2),
(67, 'Entrada', 'Venda do pedido #67', 29.9, 'Pago', DATE(DATE_ADD(DATE_SUB(NOW(), INTERVAL 53 DAY), INTERVAL 4 DAY)), DATE_SUB(NOW(), INTERVAL 53 DAY), 1, DATE_SUB(NOW(), INTERVAL 53 DAY), DATE_SUB(NOW(), INTERVAL 53 DAY), 1, 2),
(68, 'Entrada', 'Venda do pedido #68', 104.8, 'Pendente', DATE(DATE_ADD(DATE_SUB(NOW(), INTERVAL 52 DAY), INTERVAL 5 DAY)), NULL, 1, DATE_SUB(NOW(), INTERVAL 52 DAY), DATE_SUB(NOW(), INTERVAL 52 DAY), 1, 2),
(69, 'Entrada', 'Venda do pedido #69', 89.7, 'Pago', DATE(DATE_ADD(DATE_SUB(NOW(), INTERVAL 51 DAY), INTERVAL 6 DAY)), DATE_SUB(NOW(), INTERVAL 51 DAY), 1, DATE_SUB(NOW(), INTERVAL 51 DAY), DATE_SUB(NOW(), INTERVAL 51 DAY), 1, 3),
(70, 'Entrada', 'Venda do pedido #70', 122.6, 'Pago', DATE(DATE_ADD(DATE_SUB(NOW(), INTERVAL 50 DAY), INTERVAL 2 DAY)), DATE_SUB(NOW(), INTERVAL 50 DAY), 1, DATE_SUB(NOW(), INTERVAL 50 DAY), DATE_SUB(NOW(), INTERVAL 50 DAY), 1, 2),
(71, 'Entrada', 'Venda do pedido #71', 39.9, 'Pago', DATE(DATE_ADD(DATE_SUB(NOW(), INTERVAL 49 DAY), INTERVAL 3 DAY)), DATE_SUB(NOW(), INTERVAL 49 DAY), 1, DATE_SUB(NOW(), INTERVAL 49 DAY), DATE_SUB(NOW(), INTERVAL 49 DAY), 1, 2),
(72, 'Entrada', 'Venda do pedido #72', 59.8, 'Pago', DATE(DATE_ADD(DATE_SUB(NOW(), INTERVAL 48 DAY), INTERVAL 4 DAY)), DATE_SUB(NOW(), INTERVAL 48 DAY), 1, DATE_SUB(NOW(), INTERVAL 48 DAY), DATE_SUB(NOW(), INTERVAL 48 DAY), 1, 2),
(73, 'Entrada', 'Venda do pedido #73', 99.8, 'Pago', DATE(DATE_ADD(DATE_SUB(NOW(), INTERVAL 47 DAY), INTERVAL 5 DAY)), DATE_SUB(NOW(), INTERVAL 47 DAY), 1, DATE_SUB(NOW(), INTERVAL 47 DAY), DATE_SUB(NOW(), INTERVAL 47 DAY), 1, 2),
(74, 'Entrada', 'Venda do pedido #74', 69.8, 'Pendente', DATE(DATE_ADD(DATE_SUB(NOW(), INTERVAL 46 DAY), INTERVAL 6 DAY)), NULL, 1, DATE_SUB(NOW(), INTERVAL 46 DAY), DATE_SUB(NOW(), INTERVAL 46 DAY), 1, 3),
(75, 'Entrada', 'Venda do pedido #75', 99.7, 'Pago', DATE(DATE_ADD(DATE_SUB(NOW(), INTERVAL 45 DAY), INTERVAL 2 DAY)), DATE_SUB(NOW(), INTERVAL 45 DAY), 1, DATE_SUB(NOW(), INTERVAL 45 DAY), DATE_SUB(NOW(), INTERVAL 45 DAY), 1, 2),
(76, 'Entrada', 'Venda do pedido #76', 27.9, 'Pago', DATE(DATE_ADD(DATE_SUB(NOW(), INTERVAL 44 DAY), INTERVAL 3 DAY)), DATE_SUB(NOW(), INTERVAL 44 DAY), 1, DATE_SUB(NOW(), INTERVAL 44 DAY), DATE_SUB(NOW(), INTERVAL 44 DAY), 1, 2),
(77, 'Entrada', 'Venda do pedido #77', 29.9, 'Cancelado', DATE(DATE_ADD(DATE_SUB(NOW(), INTERVAL 43 DAY), INTERVAL 4 DAY)), NULL, 0, DATE_SUB(NOW(), INTERVAL 43 DAY), DATE_SUB(NOW(), INTERVAL 43 DAY), 1, 2),
(78, 'Entrada', 'Venda do pedido #78', 57.8, 'Cancelado', DATE(DATE_ADD(DATE_SUB(NOW(), INTERVAL 42 DAY), INTERVAL 5 DAY)), NULL, 0, DATE_SUB(NOW(), INTERVAL 42 DAY), DATE_SUB(NOW(), INTERVAL 42 DAY), 1, 2),
(79, 'Entrada', 'Venda do pedido #79', 59.8, 'Pago', DATE(DATE_ADD(DATE_SUB(NOW(), INTERVAL 41 DAY), INTERVAL 6 DAY)), DATE_SUB(NOW(), INTERVAL 41 DAY), 1, DATE_SUB(NOW(), INTERVAL 41 DAY), DATE_SUB(NOW(), INTERVAL 41 DAY), 1, 3),
(80, 'Entrada', 'Venda do pedido #80', 129.7, 'Pendente', DATE(DATE_ADD(DATE_SUB(NOW(), INTERVAL 40 DAY), INTERVAL 2 DAY)), NULL, 1, DATE_SUB(NOW(), INTERVAL 40 DAY), DATE_SUB(NOW(), INTERVAL 40 DAY), 1, 2),
(81, 'Entrada', 'Venda do pedido #81', 54.9, 'Pago', DATE(DATE_ADD(DATE_SUB(NOW(), INTERVAL 39 DAY), INTERVAL 3 DAY)), DATE_SUB(NOW(), INTERVAL 39 DAY), 1, DATE_SUB(NOW(), INTERVAL 39 DAY), DATE_SUB(NOW(), INTERVAL 39 DAY), 1, 2),
(82, 'Entrada', 'Venda do pedido #82', 109.8, 'Pago', DATE(DATE_ADD(DATE_SUB(NOW(), INTERVAL 38 DAY), INTERVAL 4 DAY)), DATE_SUB(NOW(), INTERVAL 38 DAY), 1, DATE_SUB(NOW(), INTERVAL 38 DAY), DATE_SUB(NOW(), INTERVAL 38 DAY), 1, 2),
(83, 'Entrada', 'Venda do pedido #83', 89.8, 'Pago', DATE(DATE_ADD(DATE_SUB(NOW(), INTERVAL 37 DAY), INTERVAL 5 DAY)), DATE_SUB(NOW(), INTERVAL 37 DAY), 1, DATE_SUB(NOW(), INTERVAL 37 DAY), DATE_SUB(NOW(), INTERVAL 37 DAY), 1, 2),
(84, 'Entrada', 'Venda do pedido #84', 59.8, 'Pendente', DATE(DATE_ADD(DATE_SUB(NOW(), INTERVAL 36 DAY), INTERVAL 6 DAY)), NULL, 1, DATE_SUB(NOW(), INTERVAL 36 DAY), DATE_SUB(NOW(), INTERVAL 36 DAY), 1, 3),
(85, 'Entrada', 'Venda do pedido #85', 219.5, 'Pago', DATE(DATE_ADD(DATE_SUB(NOW(), INTERVAL 35 DAY), INTERVAL 2 DAY)), DATE_SUB(NOW(), INTERVAL 35 DAY), 1, DATE_SUB(NOW(), INTERVAL 35 DAY), DATE_SUB(NOW(), INTERVAL 35 DAY), 1, 2),
(86, 'Entrada', 'Venda do pedido #86', 29.9, 'Cancelado', DATE(DATE_ADD(DATE_SUB(NOW(), INTERVAL 34 DAY), INTERVAL 3 DAY)), NULL, 0, DATE_SUB(NOW(), INTERVAL 34 DAY), DATE_SUB(NOW(), INTERVAL 34 DAY), 1, 2),
(87, 'Entrada', 'Venda do pedido #87', 79.8, 'Pago', DATE(DATE_ADD(DATE_SUB(NOW(), INTERVAL 33 DAY), INTERVAL 4 DAY)), DATE_SUB(NOW(), INTERVAL 33 DAY), 1, DATE_SUB(NOW(), INTERVAL 33 DAY), DATE_SUB(NOW(), INTERVAL 33 DAY), 1, 2),
(88, 'Entrada', 'Venda do pedido #88', 199.6, 'Pago', DATE(DATE_ADD(DATE_SUB(NOW(), INTERVAL 32 DAY), INTERVAL 5 DAY)), DATE_SUB(NOW(), INTERVAL 32 DAY), 1, DATE_SUB(NOW(), INTERVAL 32 DAY), DATE_SUB(NOW(), INTERVAL 32 DAY), 1, 2),
(89, 'Entrada', 'Venda do pedido #89', 137.7, 'Cancelado', DATE(DATE_ADD(DATE_SUB(NOW(), INTERVAL 31 DAY), INTERVAL 6 DAY)), NULL, 0, DATE_SUB(NOW(), INTERVAL 31 DAY), DATE_SUB(NOW(), INTERVAL 31 DAY), 1, 3),
(90, 'Entrada', 'Venda do pedido #90', 89.7, 'Pago', DATE(DATE_ADD(DATE_SUB(NOW(), INTERVAL 30 DAY), INTERVAL 2 DAY)), DATE_SUB(NOW(), INTERVAL 30 DAY), 1, DATE_SUB(NOW(), INTERVAL 30 DAY), DATE_SUB(NOW(), INTERVAL 30 DAY), 1, 2),
(91, 'Entrada', 'Venda do pedido #91', 59.8, 'Pago', DATE(DATE_ADD(DATE_SUB(NOW(), INTERVAL 29 DAY), INTERVAL 3 DAY)), DATE_SUB(NOW(), INTERVAL 29 DAY), 1, DATE_SUB(NOW(), INTERVAL 29 DAY), DATE_SUB(NOW(), INTERVAL 29 DAY), 1, 2),
(92, 'Entrada', 'Venda do pedido #92', 29.9, 'Pago', DATE(DATE_ADD(DATE_SUB(NOW(), INTERVAL 28 DAY), INTERVAL 4 DAY)), DATE_SUB(NOW(), INTERVAL 28 DAY), 1, DATE_SUB(NOW(), INTERVAL 28 DAY), DATE_SUB(NOW(), INTERVAL 28 DAY), 1, 2),
(93, 'Entrada', 'Venda do pedido #93', 127.7, 'Pago', DATE(DATE_ADD(DATE_SUB(NOW(), INTERVAL 27 DAY), INTERVAL 5 DAY)), DATE_SUB(NOW(), INTERVAL 27 DAY), 1, DATE_SUB(NOW(), INTERVAL 27 DAY), DATE_SUB(NOW(), INTERVAL 27 DAY), 1, 2),
(94, 'Entrada', 'Venda do pedido #94', 119.7, 'Pago', DATE(DATE_ADD(DATE_SUB(NOW(), INTERVAL 26 DAY), INTERVAL 6 DAY)), DATE_SUB(NOW(), INTERVAL 26 DAY), 1, DATE_SUB(NOW(), INTERVAL 26 DAY), DATE_SUB(NOW(), INTERVAL 26 DAY), 1, 3),
(95, 'Entrada', 'Venda do pedido #95', 119.7, 'Pago', DATE(DATE_ADD(DATE_SUB(NOW(), INTERVAL 25 DAY), INTERVAL 2 DAY)), DATE_SUB(NOW(), INTERVAL 25 DAY), 1, DATE_SUB(NOW(), INTERVAL 25 DAY), DATE_SUB(NOW(), INTERVAL 25 DAY), 1, 2),
(96, 'Entrada', 'Venda do pedido #96', 39.9, 'Pago', DATE(DATE_ADD(DATE_SUB(NOW(), INTERVAL 24 DAY), INTERVAL 3 DAY)), DATE_SUB(NOW(), INTERVAL 24 DAY), 1, DATE_SUB(NOW(), INTERVAL 24 DAY), DATE_SUB(NOW(), INTERVAL 24 DAY), 1, 2),
(97, 'Entrada', 'Venda do pedido #97', 39.9, 'Pago', DATE(DATE_ADD(DATE_SUB(NOW(), INTERVAL 23 DAY), INTERVAL 4 DAY)), DATE_SUB(NOW(), INTERVAL 23 DAY), 1, DATE_SUB(NOW(), INTERVAL 23 DAY), DATE_SUB(NOW(), INTERVAL 23 DAY), 1, 2),
(98, 'Entrada', 'Venda do pedido #98', 59.8, 'Pago', DATE(DATE_ADD(DATE_SUB(NOW(), INTERVAL 22 DAY), INTERVAL 5 DAY)), DATE_SUB(NOW(), INTERVAL 22 DAY), 1, DATE_SUB(NOW(), INTERVAL 22 DAY), DATE_SUB(NOW(), INTERVAL 22 DAY), 1, 2),
(99, 'Entrada', 'Venda do pedido #99', 99.7, 'Pago', DATE(DATE_ADD(DATE_SUB(NOW(), INTERVAL 21 DAY), INTERVAL 6 DAY)), DATE_SUB(NOW(), INTERVAL 21 DAY), 1, DATE_SUB(NOW(), INTERVAL 21 DAY), DATE_SUB(NOW(), INTERVAL 21 DAY), 1, 3),
(100, 'Entrada', 'Venda do pedido #100', 209.5, 'Pago', DATE(DATE_ADD(DATE_SUB(NOW(), INTERVAL 20 DAY), INTERVAL 2 DAY)), DATE_SUB(NOW(), INTERVAL 20 DAY), 1, DATE_SUB(NOW(), INTERVAL 20 DAY), DATE_SUB(NOW(), INTERVAL 20 DAY), 1, 2),
(101, 'Entrada', 'Venda do pedido #101', 29.9, 'Pago', DATE(DATE_ADD(DATE_SUB(NOW(), INTERVAL 19 DAY), INTERVAL 3 DAY)), DATE_SUB(NOW(), INTERVAL 19 DAY), 1, DATE_SUB(NOW(), INTERVAL 19 DAY), DATE_SUB(NOW(), INTERVAL 19 DAY), 1, 2),
(102, 'Entrada', 'Venda do pedido #102', 59.9, 'Pago', DATE(DATE_ADD(DATE_SUB(NOW(), INTERVAL 18 DAY), INTERVAL 4 DAY)), DATE_SUB(NOW(), INTERVAL 18 DAY), 1, DATE_SUB(NOW(), INTERVAL 18 DAY), DATE_SUB(NOW(), INTERVAL 18 DAY), 1, 2),
(103, 'Entrada', 'Venda do pedido #103', 79.8, 'Cancelado', DATE(DATE_ADD(DATE_SUB(NOW(), INTERVAL 17 DAY), INTERVAL 5 DAY)), NULL, 0, DATE_SUB(NOW(), INTERVAL 17 DAY), DATE_SUB(NOW(), INTERVAL 17 DAY), 1, 2),
(104, 'Entrada', 'Venda do pedido #104', 109.7, 'Pago', DATE(DATE_ADD(DATE_SUB(NOW(), INTERVAL 16 DAY), INTERVAL 6 DAY)), DATE_SUB(NOW(), INTERVAL 16 DAY), 1, DATE_SUB(NOW(), INTERVAL 16 DAY), DATE_SUB(NOW(), INTERVAL 16 DAY), 1, 3),
(105, 'Entrada', 'Venda do pedido #105', 94.7, 'Pago', DATE(DATE_ADD(DATE_SUB(NOW(), INTERVAL 15 DAY), INTERVAL 2 DAY)), DATE_SUB(NOW(), INTERVAL 15 DAY), 1, DATE_SUB(NOW(), INTERVAL 15 DAY), DATE_SUB(NOW(), INTERVAL 15 DAY), 1, 2),
(106, 'Entrada', 'Venda do pedido #106', 69.9, 'Pago', DATE(DATE_ADD(DATE_SUB(NOW(), INTERVAL 14 DAY), INTERVAL 3 DAY)), DATE_SUB(NOW(), INTERVAL 14 DAY), 1, DATE_SUB(NOW(), INTERVAL 14 DAY), DATE_SUB(NOW(), INTERVAL 14 DAY), 1, 2),
(107, 'Entrada', 'Venda do pedido #107', 99.8, 'Pendente', DATE(DATE_ADD(DATE_SUB(NOW(), INTERVAL 13 DAY), INTERVAL 4 DAY)), NULL, 1, DATE_SUB(NOW(), INTERVAL 13 DAY), DATE_SUB(NOW(), INTERVAL 13 DAY), 1, 2),
(108, 'Entrada', 'Venda do pedido #108', 89.8, 'Pago', DATE(DATE_ADD(DATE_SUB(NOW(), INTERVAL 12 DAY), INTERVAL 5 DAY)), DATE_SUB(NOW(), INTERVAL 12 DAY), 1, DATE_SUB(NOW(), INTERVAL 12 DAY), DATE_SUB(NOW(), INTERVAL 12 DAY), 1, 2),
(109, 'Entrada', 'Venda do pedido #109', 74.8, 'Cancelado', DATE(DATE_ADD(DATE_SUB(NOW(), INTERVAL 11 DAY), INTERVAL 6 DAY)), NULL, 0, DATE_SUB(NOW(), INTERVAL 11 DAY), DATE_SUB(NOW(), INTERVAL 11 DAY), 1, 3),
(110, 'Entrada', 'Venda do pedido #110', 104.7, 'Pago', DATE(DATE_ADD(DATE_SUB(NOW(), INTERVAL 10 DAY), INTERVAL 2 DAY)), DATE_SUB(NOW(), INTERVAL 10 DAY), 1, DATE_SUB(NOW(), INTERVAL 10 DAY), DATE_SUB(NOW(), INTERVAL 10 DAY), 1, 2),
(111, 'Entrada', 'Venda do pedido #111', 29.9, 'Pendente', DATE(DATE_ADD(DATE_SUB(NOW(), INTERVAL 9 DAY), INTERVAL 3 DAY)), NULL, 1, DATE_SUB(NOW(), INTERVAL 9 DAY), DATE_SUB(NOW(), INTERVAL 9 DAY), 1, 2),
(112, 'Entrada', 'Venda do pedido #112', 59.9, 'Cancelado', DATE(DATE_ADD(DATE_SUB(NOW(), INTERVAL 8 DAY), INTERVAL 4 DAY)), NULL, 0, DATE_SUB(NOW(), INTERVAL 8 DAY), DATE_SUB(NOW(), INTERVAL 8 DAY), 1, 2),
(113, 'Entrada', 'Venda do pedido #113', 59.8, 'Pendente', DATE(DATE_ADD(DATE_SUB(NOW(), INTERVAL 7 DAY), INTERVAL 5 DAY)), NULL, 1, DATE_SUB(NOW(), INTERVAL 7 DAY), DATE_SUB(NOW(), INTERVAL 7 DAY), 1, 2),
(114, 'Entrada', 'Venda do pedido #114', 84.8, 'Pago', DATE(DATE_ADD(DATE_SUB(NOW(), INTERVAL 6 DAY), INTERVAL 6 DAY)), DATE_SUB(NOW(), INTERVAL 6 DAY), 1, DATE_SUB(NOW(), INTERVAL 6 DAY), DATE_SUB(NOW(), INTERVAL 6 DAY), 1, 3),
(115, 'Entrada', 'Venda do pedido #115', 99.7, 'Pago', DATE(DATE_ADD(DATE_SUB(NOW(), INTERVAL 5 DAY), INTERVAL 2 DAY)), DATE_SUB(NOW(), INTERVAL 5 DAY), 1, DATE_SUB(NOW(), INTERVAL 5 DAY), DATE_SUB(NOW(), INTERVAL 5 DAY), 1, 2),
(116, 'Entrada', 'Venda do pedido #116', 69.8, 'Pago', DATE(DATE_ADD(DATE_SUB(NOW(), INTERVAL 4 DAY), INTERVAL 3 DAY)), DATE_SUB(NOW(), INTERVAL 4 DAY), 1, DATE_SUB(NOW(), INTERVAL 4 DAY), DATE_SUB(NOW(), INTERVAL 4 DAY), 1, 2),
(117, 'Entrada', 'Venda do pedido #117', 99.8, 'Pago', DATE(DATE_ADD(DATE_SUB(NOW(), INTERVAL 3 DAY), INTERVAL 4 DAY)), DATE_SUB(NOW(), INTERVAL 3 DAY), 1, DATE_SUB(NOW(), INTERVAL 3 DAY), DATE_SUB(NOW(), INTERVAL 3 DAY), 1, 2),
(118, 'Entrada', 'Venda do pedido #118', 59.8, 'Pago', DATE(DATE_ADD(DATE_SUB(NOW(), INTERVAL 2 DAY), INTERVAL 5 DAY)), DATE_SUB(NOW(), INTERVAL 2 DAY), 1, DATE_SUB(NOW(), INTERVAL 2 DAY), DATE_SUB(NOW(), INTERVAL 2 DAY), 1, 2),
(119, 'Entrada', 'Venda do pedido #119', 87.7, 'Pendente', DATE(DATE_ADD(DATE_SUB(NOW(), INTERVAL 1 DAY), INTERVAL 6 DAY)), NULL, 1, DATE_SUB(NOW(), INTERVAL 1 DAY), DATE_SUB(NOW(), INTERVAL 1 DAY), 1, 3),
(120, 'Entrada', 'Venda do pedido #120', 99.7, 'Pago', DATE(DATE_ADD(DATE_SUB(NOW(), INTERVAL 0 DAY), INTERVAL 2 DAY)), DATE_SUB(NOW(), INTERVAL 0 DAY), 1, DATE_SUB(NOW(), INTERVAL 0 DAY), DATE_SUB(NOW(), INTERVAL 0 DAY), 1, 2),
(121, 'Saída', 'Compra de canecas brancas e mágicas', 120.0, 'Pago', DATE(DATE_SUB(NOW(), INTERVAL 118 DAY)), DATE_SUB(NOW(), INTERVAL 118 DAY), 1, DATE_SUB(NOW(), INTERVAL 118 DAY), DATE_SUB(NOW(), INTERVAL 118 DAY), 2, 1),
(122, 'Saída', 'Reposição de camisetas básicas e premium', 176.4, 'Pago', DATE(DATE_SUB(NOW(), INTERVAL 116 DAY)), DATE_SUB(NOW(), INTERVAL 116 DAY), 1, DATE_SUB(NOW(), INTERVAL 116 DAY), DATE_SUB(NOW(), INTERVAL 116 DAY), 2, 1),
(123, 'Saída', 'Compra de cadernos e material gráfico', 232.8, 'Pago', DATE(DATE_SUB(NOW(), INTERVAL 114 DAY)), DATE_SUB(NOW(), INTERVAL 114 DAY), 1, DATE_SUB(NOW(), INTERVAL 114 DAY), DATE_SUB(NOW(), INTERVAL 114 DAY), 2, 6),
(124, 'Saída', 'Campanha Meta Ads - conversão', 289.2, 'Pago', DATE(DATE_SUB(NOW(), INTERVAL 112 DAY)), DATE_SUB(NOW(), INTERVAL 112 DAY), 1, DATE_SUB(NOW(), INTERVAL 112 DAY), DATE_SUB(NOW(), INTERVAL 112 DAY), 5, 4),
(125, 'Saída', 'Fretes consolidados da semana', 270.0, 'Pago', DATE(DATE_SUB(NOW(), INTERVAL 110 DAY)), DATE_SUB(NOW(), INTERVAL 110 DAY), 1, DATE_SUB(NOW(), INTERVAL 110 DAY), DATE_SUB(NOW(), INTERVAL 110 DAY), 4, 5),
(126, 'Saída', 'Conta de energia da produção', 326.4, 'Pago', DATE(DATE_SUB(NOW(), INTERVAL 108 DAY)), DATE_SUB(NOW(), INTERVAL 108 DAY), 1, DATE_SUB(NOW(), INTERVAL 108 DAY), DATE_SUB(NOW(), INTERVAL 108 DAY), 3, 1),
(127, 'Saída', 'Compra de ecobags e squeezes', 382.8, 'Pago', DATE(DATE_SUB(NOW(), INTERVAL 106 DAY)), DATE_SUB(NOW(), INTERVAL 106 DAY), 1, DATE_SUB(NOW(), INTERVAL 106 DAY), DATE_SUB(NOW(), INTERVAL 106 DAY), 2, 1),
(128, 'Saída', 'Campanha de remarketing Instagram', 176.7, 'Pago', DATE(DATE_SUB(NOW(), INTERVAL 104 DAY)), DATE_SUB(NOW(), INTERVAL 104 DAY), 1, DATE_SUB(NOW(), INTERVAL 104 DAY), DATE_SUB(NOW(), INTERVAL 104 DAY), 5, 4),
(129, 'Saída', 'Fretes expressos de pedidos urgentes', 157.5, 'Pago', DATE(DATE_SUB(NOW(), INTERVAL 102 DAY)), DATE_SUB(NOW(), INTERVAL 102 DAY), 1, DATE_SUB(NOW(), INTERVAL 102 DAY), DATE_SUB(NOW(), INTERVAL 102 DAY), 4, 5),
(130, 'Saída', 'Materiais de embalagem e etiquetas', 213.9, 'Pago', DATE(DATE_SUB(NOW(), INTERVAL 100 DAY)), DATE_SUB(NOW(), INTERVAL 100 DAY), 1, DATE_SUB(NOW(), INTERVAL 100 DAY), DATE_SUB(NOW(), INTERVAL 100 DAY), 3, 6),
(131, 'Saída', 'Compra de canecas brancas e mágicas', 270.3, 'Pago', DATE(DATE_SUB(NOW(), INTERVAL 98 DAY)), DATE_SUB(NOW(), INTERVAL 98 DAY), 1, DATE_SUB(NOW(), INTERVAL 98 DAY), DATE_SUB(NOW(), INTERVAL 98 DAY), 2, 1),
(132, 'Saída', 'Reposição de camisetas básicas e premium', 326.7, 'Pago', DATE(DATE_SUB(NOW(), INTERVAL 96 DAY)), DATE_SUB(NOW(), INTERVAL 96 DAY), 1, DATE_SUB(NOW(), INTERVAL 96 DAY), DATE_SUB(NOW(), INTERVAL 96 DAY), 2, 1),
(133, 'Saída', 'Compra de cadernos e material gráfico', 307.5, 'Pago', DATE(DATE_SUB(NOW(), INTERVAL 94 DAY)), DATE_SUB(NOW(), INTERVAL 94 DAY), 1, DATE_SUB(NOW(), INTERVAL 94 DAY), DATE_SUB(NOW(), INTERVAL 94 DAY), 2, 6),
(134, 'Saída', 'Campanha Meta Ads - conversão', 363.9, 'Pago', DATE(DATE_SUB(NOW(), INTERVAL 92 DAY)), DATE_SUB(NOW(), INTERVAL 92 DAY), 1, DATE_SUB(NOW(), INTERVAL 92 DAY), DATE_SUB(NOW(), INTERVAL 92 DAY), 5, 4),
(135, 'Saída', 'Fretes consolidados da semana', 157.8, 'Pago', DATE(DATE_SUB(NOW(), INTERVAL 90 DAY)), DATE_SUB(NOW(), INTERVAL 90 DAY), 1, DATE_SUB(NOW(), INTERVAL 90 DAY), DATE_SUB(NOW(), INTERVAL 90 DAY), 4, 5),
(136, 'Saída', 'Conta de energia da produção', 214.2, 'Pago', DATE(DATE_SUB(NOW(), INTERVAL 88 DAY)), DATE_SUB(NOW(), INTERVAL 88 DAY), 1, DATE_SUB(NOW(), INTERVAL 88 DAY), DATE_SUB(NOW(), INTERVAL 88 DAY), 3, 1),
(137, 'Saída', 'Compra de ecobags e squeezes', 195.0, 'Pago', DATE(DATE_SUB(NOW(), INTERVAL 86 DAY)), DATE_SUB(NOW(), INTERVAL 86 DAY), 1, DATE_SUB(NOW(), INTERVAL 86 DAY), DATE_SUB(NOW(), INTERVAL 86 DAY), 2, 1),
(138, 'Saída', 'Campanha de remarketing Instagram', 251.4, 'Pago', DATE(DATE_SUB(NOW(), INTERVAL 84 DAY)), DATE_SUB(NOW(), INTERVAL 84 DAY), 1, DATE_SUB(NOW(), INTERVAL 84 DAY), DATE_SUB(NOW(), INTERVAL 84 DAY), 5, 4),
(139, 'Saída', 'Fretes expressos de pedidos urgentes', 307.8, 'Pago', DATE(DATE_SUB(NOW(), INTERVAL 82 DAY)), DATE_SUB(NOW(), INTERVAL 82 DAY), 1, DATE_SUB(NOW(), INTERVAL 82 DAY), DATE_SUB(NOW(), INTERVAL 82 DAY), 4, 5),
(140, 'Saída', 'Materiais de embalagem e etiquetas', 364.2, 'Pago', DATE(DATE_SUB(NOW(), INTERVAL 80 DAY)), DATE_SUB(NOW(), INTERVAL 80 DAY), 1, DATE_SUB(NOW(), INTERVAL 80 DAY), DATE_SUB(NOW(), INTERVAL 80 DAY), 3, 6),
(141, 'Saída', 'Compra de canecas brancas e mágicas', 345.0, 'Pago', DATE(DATE_SUB(NOW(), INTERVAL 78 DAY)), DATE_SUB(NOW(), INTERVAL 78 DAY), 1, DATE_SUB(NOW(), INTERVAL 78 DAY), DATE_SUB(NOW(), INTERVAL 78 DAY), 2, 1),
(142, 'Saída', 'Reposição de camisetas básicas e premium', 138.9, 'Pago', DATE(DATE_SUB(NOW(), INTERVAL 76 DAY)), DATE_SUB(NOW(), INTERVAL 76 DAY), 1, DATE_SUB(NOW(), INTERVAL 76 DAY), DATE_SUB(NOW(), INTERVAL 76 DAY), 2, 1),
(143, 'Saída', 'Compra de cadernos e material gráfico', 195.3, 'Pago', DATE(DATE_SUB(NOW(), INTERVAL 74 DAY)), DATE_SUB(NOW(), INTERVAL 74 DAY), 1, DATE_SUB(NOW(), INTERVAL 74 DAY), DATE_SUB(NOW(), INTERVAL 74 DAY), 2, 6),
(144, 'Saída', 'Campanha Meta Ads - conversão', 251.7, 'Pago', DATE(DATE_SUB(NOW(), INTERVAL 72 DAY)), DATE_SUB(NOW(), INTERVAL 72 DAY), 1, DATE_SUB(NOW(), INTERVAL 72 DAY), DATE_SUB(NOW(), INTERVAL 72 DAY), 5, 4),
(145, 'Saída', 'Fretes consolidados da semana', 232.5, 'Pago', DATE(DATE_SUB(NOW(), INTERVAL 70 DAY)), DATE_SUB(NOW(), INTERVAL 70 DAY), 1, DATE_SUB(NOW(), INTERVAL 70 DAY), DATE_SUB(NOW(), INTERVAL 70 DAY), 4, 5),
(146, 'Saída', 'Conta de energia da produção', 288.9, 'Pago', DATE(DATE_SUB(NOW(), INTERVAL 68 DAY)), DATE_SUB(NOW(), INTERVAL 68 DAY), 1, DATE_SUB(NOW(), INTERVAL 68 DAY), DATE_SUB(NOW(), INTERVAL 68 DAY), 3, 1),
(147, 'Saída', 'Compra de ecobags e squeezes', 345.3, 'Pago', DATE(DATE_SUB(NOW(), INTERVAL 66 DAY)), DATE_SUB(NOW(), INTERVAL 66 DAY), 1, DATE_SUB(NOW(), INTERVAL 66 DAY), DATE_SUB(NOW(), INTERVAL 66 DAY), 2, 1),
(148, 'Saída', 'Campanha de remarketing Instagram', 401.7, 'Pago', DATE(DATE_SUB(NOW(), INTERVAL 64 DAY)), DATE_SUB(NOW(), INTERVAL 64 DAY), 1, DATE_SUB(NOW(), INTERVAL 64 DAY), DATE_SUB(NOW(), INTERVAL 64 DAY), 5, 4),
(149, 'Saída', 'Fretes expressos de pedidos urgentes', 120.0, 'Pago', DATE(DATE_SUB(NOW(), INTERVAL 62 DAY)), DATE_SUB(NOW(), INTERVAL 62 DAY), 1, DATE_SUB(NOW(), INTERVAL 62 DAY), DATE_SUB(NOW(), INTERVAL 62 DAY), 4, 5),
(150, 'Saída', 'Materiais de embalagem e etiquetas', 176.4, 'Pago', DATE(DATE_SUB(NOW(), INTERVAL 60 DAY)), DATE_SUB(NOW(), INTERVAL 60 DAY), 1, DATE_SUB(NOW(), INTERVAL 60 DAY), DATE_SUB(NOW(), INTERVAL 60 DAY), 3, 6),
(151, 'Saída', 'Compra de canecas brancas e mágicas', 232.8, 'Pago', DATE(DATE_SUB(NOW(), INTERVAL 58 DAY)), DATE_SUB(NOW(), INTERVAL 58 DAY), 1, DATE_SUB(NOW(), INTERVAL 58 DAY), DATE_SUB(NOW(), INTERVAL 58 DAY), 2, 1),
(152, 'Saída', 'Reposição de camisetas básicas e premium', 289.2, 'Pago', DATE(DATE_SUB(NOW(), INTERVAL 56 DAY)), DATE_SUB(NOW(), INTERVAL 56 DAY), 1, DATE_SUB(NOW(), INTERVAL 56 DAY), DATE_SUB(NOW(), INTERVAL 56 DAY), 2, 1),
(153, 'Saída', 'Compra de cadernos e material gráfico', 270.0, 'Pago', DATE(DATE_SUB(NOW(), INTERVAL 54 DAY)), DATE_SUB(NOW(), INTERVAL 54 DAY), 1, DATE_SUB(NOW(), INTERVAL 54 DAY), DATE_SUB(NOW(), INTERVAL 54 DAY), 2, 6),
(154, 'Saída', 'Campanha Meta Ads - conversão', 326.4, 'Pago', DATE(DATE_SUB(NOW(), INTERVAL 52 DAY)), DATE_SUB(NOW(), INTERVAL 52 DAY), 1, DATE_SUB(NOW(), INTERVAL 52 DAY), DATE_SUB(NOW(), INTERVAL 52 DAY), 5, 4),
(155, 'Saída', 'Fretes consolidados da semana', 382.8, 'Pago', DATE(DATE_SUB(NOW(), INTERVAL 50 DAY)), DATE_SUB(NOW(), INTERVAL 50 DAY), 1, DATE_SUB(NOW(), INTERVAL 50 DAY), DATE_SUB(NOW(), INTERVAL 50 DAY), 4, 5),
(156, 'Saída', 'Conta de energia da produção', 176.7, 'Pago', DATE(DATE_SUB(NOW(), INTERVAL 48 DAY)), DATE_SUB(NOW(), INTERVAL 48 DAY), 1, DATE_SUB(NOW(), INTERVAL 48 DAY), DATE_SUB(NOW(), INTERVAL 48 DAY), 3, 1),
(157, 'Saída', 'Compra de ecobags e squeezes', 157.5, 'Pago', DATE(DATE_SUB(NOW(), INTERVAL 46 DAY)), DATE_SUB(NOW(), INTERVAL 46 DAY), 1, DATE_SUB(NOW(), INTERVAL 46 DAY), DATE_SUB(NOW(), INTERVAL 46 DAY), 2, 1),
(158, 'Saída', 'Campanha de remarketing Instagram', 213.9, 'Pago', DATE(DATE_SUB(NOW(), INTERVAL 44 DAY)), DATE_SUB(NOW(), INTERVAL 44 DAY), 1, DATE_SUB(NOW(), INTERVAL 44 DAY), DATE_SUB(NOW(), INTERVAL 44 DAY), 5, 4),
(159, 'Saída', 'Fretes expressos de pedidos urgentes', 270.3, 'Pago', DATE(DATE_SUB(NOW(), INTERVAL 42 DAY)), DATE_SUB(NOW(), INTERVAL 42 DAY), 1, DATE_SUB(NOW(), INTERVAL 42 DAY), DATE_SUB(NOW(), INTERVAL 42 DAY), 4, 5),
(160, 'Saída', 'Materiais de embalagem e etiquetas', 326.7, 'Pago', DATE(DATE_SUB(NOW(), INTERVAL 40 DAY)), DATE_SUB(NOW(), INTERVAL 40 DAY), 1, DATE_SUB(NOW(), INTERVAL 40 DAY), DATE_SUB(NOW(), INTERVAL 40 DAY), 3, 6),
(161, 'Saída', 'Compra de canecas brancas e mágicas', 307.5, 'Pago', DATE(DATE_SUB(NOW(), INTERVAL 38 DAY)), DATE_SUB(NOW(), INTERVAL 38 DAY), 1, DATE_SUB(NOW(), INTERVAL 38 DAY), DATE_SUB(NOW(), INTERVAL 38 DAY), 2, 1),
(162, 'Saída', 'Reposição de camisetas básicas e premium', 363.9, 'Pago', DATE(DATE_SUB(NOW(), INTERVAL 36 DAY)), DATE_SUB(NOW(), INTERVAL 36 DAY), 1, DATE_SUB(NOW(), INTERVAL 36 DAY), DATE_SUB(NOW(), INTERVAL 36 DAY), 2, 1),
(163, 'Saída', 'Compra de cadernos e material gráfico', 157.8, 'Pago', DATE(DATE_SUB(NOW(), INTERVAL 34 DAY)), DATE_SUB(NOW(), INTERVAL 34 DAY), 1, DATE_SUB(NOW(), INTERVAL 34 DAY), DATE_SUB(NOW(), INTERVAL 34 DAY), 2, 6),
(164, 'Saída', 'Campanha Meta Ads - conversão', 214.2, 'Pago', DATE(DATE_SUB(NOW(), INTERVAL 32 DAY)), DATE_SUB(NOW(), INTERVAL 32 DAY), 1, DATE_SUB(NOW(), INTERVAL 32 DAY), DATE_SUB(NOW(), INTERVAL 32 DAY), 5, 4),
(165, 'Saída', 'Fretes consolidados da semana', 195.0, 'Pago', DATE(DATE_SUB(NOW(), INTERVAL 30 DAY)), DATE_SUB(NOW(), INTERVAL 30 DAY), 1, DATE_SUB(NOW(), INTERVAL 30 DAY), DATE_SUB(NOW(), INTERVAL 30 DAY), 4, 5),
(166, 'Saída', 'Conta de energia da produção', 251.4, 'Pago', DATE(DATE_SUB(NOW(), INTERVAL 28 DAY)), DATE_SUB(NOW(), INTERVAL 28 DAY), 1, DATE_SUB(NOW(), INTERVAL 28 DAY), DATE_SUB(NOW(), INTERVAL 28 DAY), 3, 1),
(167, 'Saída', 'Compra de ecobags e squeezes', 307.8, 'Pago', DATE(DATE_SUB(NOW(), INTERVAL 26 DAY)), DATE_SUB(NOW(), INTERVAL 26 DAY), 1, DATE_SUB(NOW(), INTERVAL 26 DAY), DATE_SUB(NOW(), INTERVAL 26 DAY), 2, 1),
(168, 'Saída', 'Campanha de remarketing Instagram', 364.2, 'Pago', DATE(DATE_SUB(NOW(), INTERVAL 24 DAY)), DATE_SUB(NOW(), INTERVAL 24 DAY), 1, DATE_SUB(NOW(), INTERVAL 24 DAY), DATE_SUB(NOW(), INTERVAL 24 DAY), 5, 4),
(169, 'Saída', 'Fretes expressos de pedidos urgentes', 345.0, 'Pago', DATE(DATE_SUB(NOW(), INTERVAL 22 DAY)), DATE_SUB(NOW(), INTERVAL 22 DAY), 1, DATE_SUB(NOW(), INTERVAL 22 DAY), DATE_SUB(NOW(), INTERVAL 22 DAY), 4, 5),
(170, 'Saída', 'Materiais de embalagem e etiquetas', 138.9, 'Pago', DATE(DATE_SUB(NOW(), INTERVAL 20 DAY)), DATE_SUB(NOW(), INTERVAL 20 DAY), 1, DATE_SUB(NOW(), INTERVAL 20 DAY), DATE_SUB(NOW(), INTERVAL 20 DAY), 3, 6);
